{
  "state": "READY",
  "device_count": 95,
  "operational_devices": 101,
  "error_count": 0,
  "system_info": {
    "os": "Linux",
    "os_version": "#16-Ubuntu SMP PREEMPT_DYNAMIC Tue Oct 21 09:55:24 UTC 2025",
    "architecture": "x86_64",
    "hostname": "jericho",
    "kernel": "6.14.0-1016-oem"
  },
  "drivers": {
    "Unknown": {
      "class": "GenericNeuralDriver",
      "component_info": {
        "component_type": "cpu",
        "name": "Intel(R) Core(TM) Ultra 9 275HX",
        "vendor": "GenuineIntel",
        "device_id": "Unknown",
        "bus_info": "Unknown",
        "capabilities": [
          "processing",
          "multicore"
        ],
        "driver": "Unknown",
        "status": "detected"
      },
      "state": "READY",
      "capabilities": [
        "READ",
        "MONITOR",
        "CONTROL"
      ],
      "metadata": {
        "name": "GenericNeuralDriver",
        "version": "1.0.0",
        "author": "Geometry OS",
        "description": "Neural driver for Intel(R) Core(TM) Ultra 9 275HX",
        "supported_platforms": [],
        "dependencies": []
      },
      "is_operational": true,
      "error": null
    },
    "65279264KB": {
      "class": "GenericNeuralDriver",
      "component_info": {
        "component_type": "memory",
        "name": "System Memory",
        "vendor": "System",
        "device_id": "65279264KB",
        "bus_info": "Unknown",
        "capabilities": [
          "volatile_storage"
        ],
        "driver": "Unknown",
        "status": "detected"
      },
      "state": "READY",
      "capabilities": [
        "READ",
        "WRITE",
        "CONTROL"
      ],
      "metadata": {
        "name": "GenericNeuralDriver",
        "version": "1.0.0",
        "author": "Geometry OS",
        "description": "Neural driver for System Memory",
        "supported_platforms": [],
        "dependencies": []
      },
      "is_operational": true,
      "error": null
    },
    "66845966336 bytes": {
      "class": "GenericNeuralDriver",
      "component_info": {
        "component_type": "memory",
        "name": "System Memory",
        "vendor": "System",
        "device_id": "66845966336 bytes",
        "bus_info": "Unknown",
        "capabilities": [
          "volatile_storage"
        ],
        "driver": "Unknown",
        "status": "detected"
      },
      "state": "READY",
      "capabilities": [
        "READ",
        "WRITE",
        "CONTROL"
      ],
      "metadata": {
        "name": "GenericNeuralDriver",
        "version": "1.0.0",
        "author": "Geometry OS",
        "description": "Neural driver for System Memory",
        "supported_platforms": [],
        "dependencies": []
      },
      "is_operational": true,
      "error": null
    },
    "/dev/nvme0n1p3": {
      "class": "GenericNeuralDriver",
      "component_info": {
        "component_type": "disk",
        "name": "Disk /dev/nvme0n1p3",
        "vendor": "Unknown",
        "device_id": "/dev/nvme0n1p3",
        "bus_info": "Unknown",
        "capabilities": [
          "storage",
          "persistent"
        ],
        "driver": "ext4",
        "status": "detected"
      },
      "state": "READY",
      "capabilities": [
        "READ",
        "WRITE",
        "CONTROL"
      ],
      "metadata": {
        "name": "GenericNeuralDriver",
        "version": "1.0.0",
        "author": "Geometry OS",
        "description": "Neural driver for Disk /dev/nvme0n1p3",
        "supported_platforms": [],
        "dependencies": []
      },
      "is_operational": true,
      "error": null
    },
    "/dev/loop0": {
      "class": "GenericNeuralDriver",
      "component_info": {
        "component_type": "disk",
        "name": "Disk /dev/loop0",
        "vendor": "Unknown",
        "device_id": "/dev/loop0",
        "bus_info": "Unknown",
        "capabilities": [
          "storage",
          "persistent"
        ],
        "driver": "squashfs",
        "status": "detected"
      },
      "state": "READY",
      "capabilities": [
        "READ",
        "WRITE",
        "CONTROL"
      ],
      "metadata": {
        "name": "GenericNeuralDriver",
        "version": "1.0.0",
        "author": "Geometry OS",
        "description": "Neural driver for Disk /dev/loop0",
        "supported_platforms": [],
        "dependencies": []
      },
      "is_operational": true,
      "error": null
    },
    "/dev/loop1": {
      "class": "GenericNeuralDriver",
      "component_info": {
        "component_type": "disk",
        "name": "Disk /dev/loop1",
        "vendor": "Unknown",
        "device_id": "/dev/loop1",
        "bus_info": "Unknown",
        "capabilities": [
          "storage",
          "persistent"
        ],
        "driver": "squashfs",
        "status": "detected"
      },
      "state": "READY",
      "capabilities": [
        "READ",
        "WRITE",
        "CONTROL"
      ],
      "metadata": {
        "name": "GenericNeuralDriver",
        "version": "1.0.0",
        "author": "Geometry OS",
        "description": "Neural driver for Disk /dev/loop1",
        "supported_platforms": [],
        "dependencies": []
      },
      "is_operational": true,
      "error": null
    },
    "/dev/loop2": {
      "class": "GenericNeuralDriver",
      "component_info": {
        "component_type": "disk",
        "name": "Disk /dev/loop2",
        "vendor": "Unknown",
        "device_id": "/dev/loop2",
        "bus_info": "Unknown",
        "capabilities": [
          "storage",
          "persistent"
        ],
        "driver": "squashfs",
        "status": "detected"
      },
      "state": "READY",
      "capabilities": [
        "READ",
        "WRITE",
        "CONTROL"
      ],
      "metadata": {
        "name": "GenericNeuralDriver",
        "version": "1.0.0",
        "author": "Geometry OS",
        "description": "Neural driver for Disk /dev/loop2",
        "supported_platforms": [],
        "dependencies": []
      },
      "is_operational": true,
      "error": null
    },
    "/dev/loop3": {
      "class": "GenericNeuralDriver",
      "component_info": {
        "component_type": "disk",
        "name": "Disk /dev/loop3",
        "vendor": "Unknown",
        "device_id": "/dev/loop3",
        "bus_info": "Unknown",
        "capabilities": [
          "storage",
          "persistent"
        ],
        "driver": "squashfs",
        "status": "detected"
      },
      "state": "READY",
      "capabilities": [
        "READ",
        "WRITE",
        "CONTROL"
      ],
      "metadata": {
        "name": "GenericNeuralDriver",
        "version": "1.0.0",
        "author": "Geometry OS",
        "description": "Neural driver for Disk /dev/loop3",
        "supported_platforms": [],
        "dependencies": []
      },
      "is_operational": true,
      "error": null
    },
    "/dev/loop4": {
      "class": "GenericNeuralDriver",
      "component_info": {
        "component_type": "disk",
        "name": "Disk /dev/loop4",
        "vendor": "Unknown",
        "device_id": "/dev/loop4",
        "bus_info": "Unknown",
        "capabilities": [
          "storage",
          "persistent"
        ],
        "driver": "squashfs",
        "status": "detected"
      },
      "state": "READY",
      "capabilities": [
        "READ",
        "WRITE",
        "CONTROL"
      ],
      "metadata": {
        "name": "GenericNeuralDriver",
        "version": "1.0.0",
        "author": "Geometry OS",
        "description": "Neural driver for Disk /dev/loop4",
        "supported_platforms": [],
        "dependencies": []
      },
      "is_operational": true,
      "error": null
    },
    "/dev/loop5": {
      "class": "GenericNeuralDriver",
      "component_info": {
        "component_type": "disk",
        "name": "Disk /dev/loop5",
        "vendor": "Unknown",
        "device_id": "/dev/loop5",
        "bus_info": "Unknown",
        "capabilities": [
          "storage",
          "persistent"
        ],
        "driver": "squashfs",
        "status": "detected"
      },
      "state": "READY",
      "capabilities": [
        "READ",
        "WRITE",
        "CONTROL"
      ],
      "metadata": {
        "name": "GenericNeuralDriver",
        "version": "1.0.0",
        "author": "Geometry OS",
        "description": "Neural driver for Disk /dev/loop5",
        "supported_platforms": [],
        "dependencies": []
      },
      "is_operational": true,
      "error": null
    },
    "/dev/loop6": {
      "class": "GenericNeuralDriver",
      "component_info": {
        "component_type": "disk",
        "name": "Disk /dev/loop6",
        "vendor": "Unknown",
        "device_id": "/dev/loop6",
        "bus_info": "Unknown",
        "capabilities": [
          "storage",
          "persistent"
        ],
        "driver": "squashfs",
        "status": "detected"
      },
      "state": "READY",
      "capabilities": [
        "READ",
        "WRITE",
        "CONTROL"
      ],
      "metadata": {
        "name": "GenericNeuralDriver",
        "version": "1.0.0",
        "author": "Geometry OS",
        "description": "Neural driver for Disk /dev/loop6",
        "supported_platforms": [],
        "dependencies": []
      },
      "is_operational": true,
      "error": null
    },
    "/dev/loop7": {
      "class": "GenericNeuralDriver",
      "component_info": {
        "component_type": "disk",
        "name": "Disk /dev/loop7",
        "vendor": "Unknown",
        "device_id": "/dev/loop7",
        "bus_info": "Unknown",
        "capabilities": [
          "storage",
          "persistent"
        ],
        "driver": "squashfs",
        "status": "detected"
      },
      "state": "READY",
      "capabilities": [
        "READ",
        "WRITE",
        "CONTROL"
      ],
      "metadata": {
        "name": "GenericNeuralDriver",
        "version": "1.0.0",
        "author": "Geometry OS",
        "description": "Neural driver for Disk /dev/loop7",
        "supported_platforms": [],
        "dependencies": []
      },
      "is_operational": true,
      "error": null
    },
    "/dev/loop8": {
      "class": "GenericNeuralDriver",
      "component_info": {
        "component_type": "disk",
        "name": "Disk /dev/loop8",
        "vendor": "Unknown",
        "device_id": "/dev/loop8",
        "bus_info": "Unknown",
        "capabilities": [
          "storage",
          "persistent"
        ],
        "driver": "squashfs",
        "status": "detected"
      },
      "state": "READY",
      "capabilities": [
        "READ",
        "WRITE",
        "CONTROL"
      ],
      "metadata": {
        "name": "GenericNeuralDriver",
        "version": "1.0.0",
        "author": "Geometry OS",
        "description": "Neural driver for Disk /dev/loop8",
        "supported_platforms": [],
        "dependencies": []
      },
      "is_operational": true,
      "error": null
    },
    "/dev/loop9": {
      "class": "GenericNeuralDriver",
      "component_info": {
        "component_type": "disk",
        "name": "Disk /dev/loop9",
        "vendor": "Unknown",
        "device_id": "/dev/loop9",
        "bus_info": "Unknown",
        "capabilities": [
          "storage",
          "persistent"
        ],
        "driver": "squashfs",
        "status": "detected"
      },
      "state": "READY",
      "capabilities": [
        "READ",
        "WRITE",
        "CONTROL"
      ],
      "metadata": {
        "name": "GenericNeuralDriver",
        "version": "1.0.0",
        "author": "Geometry OS",
        "description": "Neural driver for Disk /dev/loop9",
        "supported_platforms": [],
        "dependencies": []
      },
      "is_operational": true,
      "error": null
    },
    "/dev/loop10": {
      "class": "GenericNeuralDriver",
      "component_info": {
        "component_type": "disk",
        "name": "Disk /dev/loop10",
        "vendor": "Unknown",
        "device_id": "/dev/loop10",
        "bus_info": "Unknown",
        "capabilities": [
          "storage",
          "persistent"
        ],
        "driver": "squashfs",
        "status": "detected"
      },
      "state": "READY",
      "capabilities": [
        "READ",
        "WRITE",
        "CONTROL"
      ],
      "metadata": {
        "name": "GenericNeuralDriver",
        "version": "1.0.0",
        "author": "Geometry OS",
        "description": "Neural driver for Disk /dev/loop10",
        "supported_platforms": [],
        "dependencies": []
      },
      "is_operational": true,
      "error": null
    },
    "/dev/loop11": {
      "class": "GenericNeuralDriver",
      "component_info": {
        "component_type": "disk",
        "name": "Disk /dev/loop11",
        "vendor": "Unknown",
        "device_id": "/dev/loop11",
        "bus_info": "Unknown",
        "capabilities": [
          "storage",
          "persistent"
        ],
        "driver": "squashfs",
        "status": "detected"
      },
      "state": "READY",
      "capabilities": [
        "READ",
        "WRITE",
        "CONTROL"
      ],
      "metadata": {
        "name": "GenericNeuralDriver",
        "version": "1.0.0",
        "author": "Geometry OS",
        "description": "Neural driver for Disk /dev/loop11",
        "supported_platforms": [],
        "dependencies": []
      },
      "is_operational": true,
      "error": null
    },
    "/dev/loop12": {
      "class": "GenericNeuralDriver",
      "component_info": {
        "component_type": "disk",
        "name": "Disk /dev/loop12",
        "vendor": "Unknown",
        "device_id": "/dev/loop12",
        "bus_info": "Unknown",
        "capabilities": [
          "storage",
          "persistent"
        ],
        "driver": "squashfs",
        "status": "detected"
      },
      "state": "READY",
      "capabilities": [
        "READ",
        "WRITE",
        "CONTROL"
      ],
      "metadata": {
        "name": "GenericNeuralDriver",
        "version": "1.0.0",
        "author": "Geometry OS",
        "description": "Neural driver for Disk /dev/loop12",
        "supported_platforms": [],
        "dependencies": []
      },
      "is_operational": true,
      "error": null
    },
    "/dev/loop13": {
      "class": "GenericNeuralDriver",
      "component_info": {
        "component_type": "disk",
        "name": "Disk /dev/loop13",
        "vendor": "Unknown",
        "device_id": "/dev/loop13",
        "bus_info": "Unknown",
        "capabilities": [
          "storage",
          "persistent"
        ],
        "driver": "squashfs",
        "status": "detected"
      },
      "state": "READY",
      "capabilities": [
        "READ",
        "WRITE",
        "CONTROL"
      ],
      "metadata": {
        "name": "GenericNeuralDriver",
        "version": "1.0.0",
        "author": "Geometry OS",
        "description": "Neural driver for Disk /dev/loop13",
        "supported_platforms": [],
        "dependencies": []
      },
      "is_operational": true,
      "error": null
    },
    "/dev/loop14": {
      "class": "GenericNeuralDriver",
      "component_info": {
        "component_type": "disk",
        "name": "Disk /dev/loop14",
        "vendor": "Unknown",
        "device_id": "/dev/loop14",
        "bus_info": "Unknown",
        "capabilities": [
          "storage",
          "persistent"
        ],
        "driver": "squashfs",
        "status": "detected"
      },
      "state": "READY",
      "capabilities": [
        "READ",
        "WRITE",
        "CONTROL"
      ],
      "metadata": {
        "name": "GenericNeuralDriver",
        "version": "1.0.0",
        "author": "Geometry OS",
        "description": "Neural driver for Disk /dev/loop14",
        "supported_platforms": [],
        "dependencies": []
      },
      "is_operational": true,
      "error": null
    },
    "/dev/loop15": {
      "class": "GenericNeuralDriver",
      "component_info": {
        "component_type": "disk",
        "name": "Disk /dev/loop15",
        "vendor": "Unknown",
        "device_id": "/dev/loop15",
        "bus_info": "Unknown",
        "capabilities": [
          "storage",
          "persistent"
        ],
        "driver": "squashfs",
        "status": "detected"
      },
      "state": "READY",
      "capabilities": [
        "READ",
        "WRITE",
        "CONTROL"
      ],
      "metadata": {
        "name": "GenericNeuralDriver",
        "version": "1.0.0",
        "author": "Geometry OS",
        "description": "Neural driver for Disk /dev/loop15",
        "supported_platforms": [],
        "dependencies": []
      },
      "is_operational": true,
      "error": null
    },
    "/dev/loop16": {
      "class": "GenericNeuralDriver",
      "component_info": {
        "component_type": "disk",
        "name": "Disk /dev/loop16",
        "vendor": "Unknown",
        "device_id": "/dev/loop16",
        "bus_info": "Unknown",
        "capabilities": [
          "storage",
          "persistent"
        ],
        "driver": "squashfs",
        "status": "detected"
      },
      "state": "READY",
      "capabilities": [
        "READ",
        "WRITE",
        "CONTROL"
      ],
      "metadata": {
        "name": "GenericNeuralDriver",
        "version": "1.0.0",
        "author": "Geometry OS",
        "description": "Neural driver for Disk /dev/loop16",
        "supported_platforms": [],
        "dependencies": []
      },
      "is_operational": true,
      "error": null
    },
    "/dev/loop17": {
      "class": "GenericNeuralDriver",
      "component_info": {
        "component_type": "disk",
        "name": "Disk /dev/loop17",
        "vendor": "Unknown",
        "device_id": "/dev/loop17",
        "bus_info": "Unknown",
        "capabilities": [
          "storage",
          "persistent"
        ],
        "driver": "squashfs",
        "status": "detected"
      },
      "state": "READY",
      "capabilities": [
        "READ",
        "WRITE",
        "CONTROL"
      ],
      "metadata": {
        "name": "GenericNeuralDriver",
        "version": "1.0.0",
        "author": "Geometry OS",
        "description": "Neural driver for Disk /dev/loop17",
        "supported_platforms": [],
        "dependencies": []
      },
      "is_operational": true,
      "error": null
    },
    "/dev/loop19": {
      "class": "GenericNeuralDriver",
      "component_info": {
        "component_type": "disk",
        "name": "Disk /dev/loop19",
        "vendor": "Unknown",
        "device_id": "/dev/loop19",
        "bus_info": "Unknown",
        "capabilities": [
          "storage",
          "persistent"
        ],
        "driver": "squashfs",
        "status": "detected"
      },
      "state": "READY",
      "capabilities": [
        "READ",
        "WRITE",
        "CONTROL"
      ],
      "metadata": {
        "name": "GenericNeuralDriver",
        "version": "1.0.0",
        "author": "Geometry OS",
        "description": "Neural driver for Disk /dev/loop19",
        "supported_platforms": [],
        "dependencies": []
      },
      "is_operational": true,
      "error": null
    },
    "/dev/loop18": {
      "class": "GenericNeuralDriver",
      "component_info": {
        "component_type": "disk",
        "name": "Disk /dev/loop18",
        "vendor": "Unknown",
        "device_id": "/dev/loop18",
        "bus_info": "Unknown",
        "capabilities": [
          "storage",
          "persistent"
        ],
        "driver": "squashfs",
        "status": "detected"
      },
      "state": "READY",
      "capabilities": [
        "READ",
        "WRITE",
        "CONTROL"
      ],
      "metadata": {
        "name": "GenericNeuralDriver",
        "version": "1.0.0",
        "author": "Geometry OS",
        "description": "Neural driver for Disk /dev/loop18",
        "supported_platforms": [],
        "dependencies": []
      },
      "is_operational": true,
      "error": null
    },
    "/dev/loop20": {
      "class": "GenericNeuralDriver",
      "component_info": {
        "component_type": "disk",
        "name": "Disk /dev/loop20",
        "vendor": "Unknown",
        "device_id": "/dev/loop20",
        "bus_info": "Unknown",
        "capabilities": [
          "storage",
          "persistent"
        ],
        "driver": "squashfs",
        "status": "detected"
      },
      "state": "READY",
      "capabilities": [
        "READ",
        "WRITE",
        "CONTROL"
      ],
      "metadata": {
        "name": "GenericNeuralDriver",
        "version": "1.0.0",
        "author": "Geometry OS",
        "description": "Neural driver for Disk /dev/loop20",
        "supported_platforms": [],
        "dependencies": []
      },
      "is_operational": true,
      "error": null
    },
    "/dev/loop21": {
      "class": "GenericNeuralDriver",
      "component_info": {
        "component_type": "disk",
        "name": "Disk /dev/loop21",
        "vendor": "Unknown",
        "device_id": "/dev/loop21",
        "bus_info": "Unknown",
        "capabilities": [
          "storage",
          "persistent"
        ],
        "driver": "squashfs",
        "status": "detected"
      },
      "state": "READY",
      "capabilities": [
        "READ",
        "WRITE",
        "CONTROL"
      ],
      "metadata": {
        "name": "GenericNeuralDriver",
        "version": "1.0.0",
        "author": "Geometry OS",
        "description": "Neural driver for Disk /dev/loop21",
        "supported_platforms": [],
        "dependencies": []
      },
      "is_operational": true,
      "error": null
    },
    "/dev/loop22": {
      "class": "GenericNeuralDriver",
      "component_info": {
        "component_type": "disk",
        "name": "Disk /dev/loop22",
        "vendor": "Unknown",
        "device_id": "/dev/loop22",
        "bus_info": "Unknown",
        "capabilities": [
          "storage",
          "persistent"
        ],
        "driver": "squashfs",
        "status": "detected"
      },
      "state": "READY",
      "capabilities": [
        "READ",
        "WRITE",
        "CONTROL"
      ],
      "metadata": {
        "name": "GenericNeuralDriver",
        "version": "1.0.0",
        "author": "Geometry OS",
        "description": "Neural driver for Disk /dev/loop22",
        "supported_platforms": [],
        "dependencies": []
      },
      "is_operational": true,
      "error": null
    },
    "/dev/loop24": {
      "class": "GenericNeuralDriver",
      "component_info": {
        "component_type": "disk",
        "name": "Disk /dev/loop24",
        "vendor": "Unknown",
        "device_id": "/dev/loop24",
        "bus_info": "Unknown",
        "capabilities": [
          "storage",
          "persistent"
        ],
        "driver": "squashfs",
        "status": "detected"
      },
      "state": "READY",
      "capabilities": [
        "READ",
        "WRITE",
        "CONTROL"
      ],
      "metadata": {
        "name": "GenericNeuralDriver",
        "version": "1.0.0",
        "author": "Geometry OS",
        "description": "Neural driver for Disk /dev/loop24",
        "supported_platforms": [],
        "dependencies": []
      },
      "is_operational": true,
      "error": null
    },
    "/dev/loop25": {
      "class": "GenericNeuralDriver",
      "component_info": {
        "component_type": "disk",
        "name": "Disk /dev/loop25",
        "vendor": "Unknown",
        "device_id": "/dev/loop25",
        "bus_info": "Unknown",
        "capabilities": [
          "storage",
          "persistent"
        ],
        "driver": "squashfs",
        "status": "detected"
      },
      "state": "READY",
      "capabilities": [
        "READ",
        "WRITE",
        "CONTROL"
      ],
      "metadata": {
        "name": "GenericNeuralDriver",
        "version": "1.0.0",
        "author": "Geometry OS",
        "description": "Neural driver for Disk /dev/loop25",
        "supported_platforms": [],
        "dependencies": []
      },
      "is_operational": true,
      "error": null
    },
    "/dev/loop23": {
      "class": "GenericNeuralDriver",
      "component_info": {
        "component_type": "disk",
        "name": "Disk /dev/loop23",
        "vendor": "Unknown",
        "device_id": "/dev/loop23",
        "bus_info": "Unknown",
        "capabilities": [
          "storage",
          "persistent"
        ],
        "driver": "squashfs",
        "status": "detected"
      },
      "state": "READY",
      "capabilities": [
        "READ",
        "WRITE",
        "CONTROL"
      ],
      "metadata": {
        "name": "GenericNeuralDriver",
        "version": "1.0.0",
        "author": "Geometry OS",
        "description": "Neural driver for Disk /dev/loop23",
        "supported_platforms": [],
        "dependencies": []
      },
      "is_operational": true,
      "error": null
    },
    "/dev/loop26": {
      "class": "GenericNeuralDriver",
      "component_info": {
        "component_type": "disk",
        "name": "Disk /dev/loop26",
        "vendor": "Unknown",
        "device_id": "/dev/loop26",
        "bus_info": "Unknown",
        "capabilities": [
          "storage",
          "persistent"
        ],
        "driver": "squashfs",
        "status": "detected"
      },
      "state": "READY",
      "capabilities": [
        "READ",
        "WRITE",
        "CONTROL"
      ],
      "metadata": {
        "name": "GenericNeuralDriver",
        "version": "1.0.0",
        "author": "Geometry OS",
        "description": "Neural driver for Disk /dev/loop26",
        "supported_platforms": [],
        "dependencies": []
      },
      "is_operational": true,
      "error": null
    },
    "/dev/loop27": {
      "class": "GenericNeuralDriver",
      "component_info": {
        "component_type": "disk",
        "name": "Disk /dev/loop27",
        "vendor": "Unknown",
        "device_id": "/dev/loop27",
        "bus_info": "Unknown",
        "capabilities": [
          "storage",
          "persistent"
        ],
        "driver": "squashfs",
        "status": "detected"
      },
      "state": "READY",
      "capabilities": [
        "READ",
        "WRITE",
        "CONTROL"
      ],
      "metadata": {
        "name": "GenericNeuralDriver",
        "version": "1.0.0",
        "author": "Geometry OS",
        "description": "Neural driver for Disk /dev/loop27",
        "supported_platforms": [],
        "dependencies": []
      },
      "is_operational": true,
      "error": null
    },
    "/dev/loop28": {
      "class": "GenericNeuralDriver",
      "component_info": {
        "component_type": "disk",
        "name": "Disk /dev/loop28",
        "vendor": "Unknown",
        "device_id": "/dev/loop28",
        "bus_info": "Unknown",
        "capabilities": [
          "storage",
          "persistent"
        ],
        "driver": "squashfs",
        "status": "detected"
      },
      "state": "READY",
      "capabilities": [
        "READ",
        "WRITE",
        "CONTROL"
      ],
      "metadata": {
        "name": "GenericNeuralDriver",
        "version": "1.0.0",
        "author": "Geometry OS",
        "description": "Neural driver for Disk /dev/loop28",
        "supported_platforms": [],
        "dependencies": []
      },
      "is_operational": true,
      "error": null
    },
    "/dev/loop29": {
      "class": "GenericNeuralDriver",
      "component_info": {
        "component_type": "disk",
        "name": "Disk /dev/loop29",
        "vendor": "Unknown",
        "device_id": "/dev/loop29",
        "bus_info": "Unknown",
        "capabilities": [
          "storage",
          "persistent"
        ],
        "driver": "squashfs",
        "status": "detected"
      },
      "state": "READY",
      "capabilities": [
        "READ",
        "WRITE",
        "CONTROL"
      ],
      "metadata": {
        "name": "GenericNeuralDriver",
        "version": "1.0.0",
        "author": "Geometry OS",
        "description": "Neural driver for Disk /dev/loop29",
        "supported_platforms": [],
        "dependencies": []
      },
      "is_operational": true,
      "error": null
    },
    "/dev/loop30": {
      "class": "GenericNeuralDriver",
      "component_info": {
        "component_type": "disk",
        "name": "Disk /dev/loop30",
        "vendor": "Unknown",
        "device_id": "/dev/loop30",
        "bus_info": "Unknown",
        "capabilities": [
          "storage",
          "persistent"
        ],
        "driver": "squashfs",
        "status": "detected"
      },
      "state": "READY",
      "capabilities": [
        "READ",
        "WRITE",
        "CONTROL"
      ],
      "metadata": {
        "name": "GenericNeuralDriver",
        "version": "1.0.0",
        "author": "Geometry OS",
        "description": "Neural driver for Disk /dev/loop30",
        "supported_platforms": [],
        "dependencies": []
      },
      "is_operational": true,
      "error": null
    },
    "/dev/loop31": {
      "class": "GenericNeuralDriver",
      "component_info": {
        "component_type": "disk",
        "name": "Disk /dev/loop31",
        "vendor": "Unknown",
        "device_id": "/dev/loop31",
        "bus_info": "Unknown",
        "capabilities": [
          "storage",
          "persistent"
        ],
        "driver": "squashfs",
        "status": "detected"
      },
      "state": "READY",
      "capabilities": [
        "READ",
        "WRITE",
        "CONTROL"
      ],
      "metadata": {
        "name": "GenericNeuralDriver",
        "version": "1.0.0",
        "author": "Geometry OS",
        "description": "Neural driver for Disk /dev/loop31",
        "supported_platforms": [],
        "dependencies": []
      },
      "is_operational": true,
      "error": null
    },
    "/dev/loop32": {
      "class": "GenericNeuralDriver",
      "component_info": {
        "component_type": "disk",
        "name": "Disk /dev/loop32",
        "vendor": "Unknown",
        "device_id": "/dev/loop32",
        "bus_info": "Unknown",
        "capabilities": [
          "storage",
          "persistent"
        ],
        "driver": "squashfs",
        "status": "detected"
      },
      "state": "READY",
      "capabilities": [
        "READ",
        "WRITE",
        "CONTROL"
      ],
      "metadata": {
        "name": "GenericNeuralDriver",
        "version": "1.0.0",
        "author": "Geometry OS",
        "description": "Neural driver for Disk /dev/loop32",
        "supported_platforms": [],
        "dependencies": []
      },
      "is_operational": true,
      "error": null
    },
    "/dev/loop33": {
      "class": "GenericNeuralDriver",
      "component_info": {
        "component_type": "disk",
        "name": "Disk /dev/loop33",
        "vendor": "Unknown",
        "device_id": "/dev/loop33",
        "bus_info": "Unknown",
        "capabilities": [
          "storage",
          "persistent"
        ],
        "driver": "squashfs",
        "status": "detected"
      },
      "state": "READY",
      "capabilities": [
        "READ",
        "WRITE",
        "CONTROL"
      ],
      "metadata": {
        "name": "GenericNeuralDriver",
        "version": "1.0.0",
        "author": "Geometry OS",
        "description": "Neural driver for Disk /dev/loop33",
        "supported_platforms": [],
        "dependencies": []
      },
      "is_operational": true,
      "error": null
    },
    "/dev/loop34": {
      "class": "GenericNeuralDriver",
      "component_info": {
        "component_type": "disk",
        "name": "Disk /dev/loop34",
        "vendor": "Unknown",
        "device_id": "/dev/loop34",
        "bus_info": "Unknown",
        "capabilities": [
          "storage",
          "persistent"
        ],
        "driver": "squashfs",
        "status": "detected"
      },
      "state": "READY",
      "capabilities": [
        "READ",
        "WRITE",
        "CONTROL"
      ],
      "metadata": {
        "name": "GenericNeuralDriver",
        "version": "1.0.0",
        "author": "Geometry OS",
        "description": "Neural driver for Disk /dev/loop34",
        "supported_platforms": [],
        "dependencies": []
      },
      "is_operational": true,
      "error": null
    },
    "/dev/loop35": {
      "class": "GenericNeuralDriver",
      "component_info": {
        "component_type": "disk",
        "name": "Disk /dev/loop35",
        "vendor": "Unknown",
        "device_id": "/dev/loop35",
        "bus_info": "Unknown",
        "capabilities": [
          "storage",
          "persistent"
        ],
        "driver": "squashfs",
        "status": "detected"
      },
      "state": "READY",
      "capabilities": [
        "READ",
        "WRITE",
        "CONTROL"
      ],
      "metadata": {
        "name": "GenericNeuralDriver",
        "version": "1.0.0",
        "author": "Geometry OS",
        "description": "Neural driver for Disk /dev/loop35",
        "supported_platforms": [],
        "dependencies": []
      },
      "is_operational": true,
      "error": null
    },
    "/dev/loop36": {
      "class": "GenericNeuralDriver",
      "component_info": {
        "component_type": "disk",
        "name": "Disk /dev/loop36",
        "vendor": "Unknown",
        "device_id": "/dev/loop36",
        "bus_info": "Unknown",
        "capabilities": [
          "storage",
          "persistent"
        ],
        "driver": "squashfs",
        "status": "detected"
      },
      "state": "READY",
      "capabilities": [
        "READ",
        "WRITE",
        "CONTROL"
      ],
      "metadata": {
        "name": "GenericNeuralDriver",
        "version": "1.0.0",
        "author": "Geometry OS",
        "description": "Neural driver for Disk /dev/loop36",
        "supported_platforms": [],
        "dependencies": []
      },
      "is_operational": true,
      "error": null
    },
    "/dev/loop37": {
      "class": "GenericNeuralDriver",
      "component_info": {
        "component_type": "disk",
        "name": "Disk /dev/loop37",
        "vendor": "Unknown",
        "device_id": "/dev/loop37",
        "bus_info": "Unknown",
        "capabilities": [
          "storage",
          "persistent"
        ],
        "driver": "squashfs",
        "status": "detected"
      },
      "state": "READY",
      "capabilities": [
        "READ",
        "WRITE",
        "CONTROL"
      ],
      "metadata": {
        "name": "GenericNeuralDriver",
        "version": "1.0.0",
        "author": "Geometry OS",
        "description": "Neural driver for Disk /dev/loop37",
        "supported_platforms": [],
        "dependencies": []
      },
      "is_operational": true,
      "error": null
    },
    "/dev/loop38": {
      "class": "GenericNeuralDriver",
      "component_info": {
        "component_type": "disk",
        "name": "Disk /dev/loop38",
        "vendor": "Unknown",
        "device_id": "/dev/loop38",
        "bus_info": "Unknown",
        "capabilities": [
          "storage",
          "persistent"
        ],
        "driver": "squashfs",
        "status": "detected"
      },
      "state": "READY",
      "capabilities": [
        "READ",
        "WRITE",
        "CONTROL"
      ],
      "metadata": {
        "name": "GenericNeuralDriver",
        "version": "1.0.0",
        "author": "Geometry OS",
        "description": "Neural driver for Disk /dev/loop38",
        "supported_platforms": [],
        "dependencies": []
      },
      "is_operational": true,
      "error": null
    },
    "/dev/nvme0n1p8": {
      "class": "GenericNeuralDriver",
      "component_info": {
        "component_type": "disk",
        "name": "Disk /dev/nvme0n1p8",
        "vendor": "Unknown",
        "device_id": "/dev/nvme0n1p8",
        "bus_info": "Unknown",
        "capabilities": [
          "storage",
          "persistent"
        ],
        "driver": "ext4",
        "status": "detected"
      },
      "state": "READY",
      "capabilities": [
        "READ",
        "WRITE",
        "CONTROL"
      ],
      "metadata": {
        "name": "GenericNeuralDriver",
        "version": "1.0.0",
        "author": "Geometry OS",
        "description": "Neural driver for Disk /dev/nvme0n1p8",
        "supported_platforms": [],
        "dependencies": []
      },
      "is_operational": true,
      "error": null
    },
    "/dev/nvme0n1p1": {
      "class": "GenericNeuralDriver",
      "component_info": {
        "component_type": "disk",
        "name": "Disk /dev/nvme0n1p1",
        "vendor": "Unknown",
        "device_id": "/dev/nvme0n1p1",
        "bus_info": "Unknown",
        "capabilities": [
          "storage",
          "persistent"
        ],
        "driver": "vfat",
        "status": "detected"
      },
      "state": "READY",
      "capabilities": [
        "READ",
        "WRITE",
        "CONTROL"
      ],
      "metadata": {
        "name": "GenericNeuralDriver",
        "version": "1.0.0",
        "author": "Geometry OS",
        "description": "Neural driver for Disk /dev/nvme0n1p1",
        "supported_platforms": [],
        "dependencies": []
      },
      "is_operational": true,
      "error": null
    },
    "/dev/loop39": {
      "class": "GenericNeuralDriver",
      "component_info": {
        "component_type": "disk",
        "name": "Disk /dev/loop39",
        "vendor": "Unknown",
        "device_id": "/dev/loop39",
        "bus_info": "Unknown",
        "capabilities": [
          "storage",
          "persistent"
        ],
        "driver": "squashfs",
        "status": "detected"
      },
      "state": "READY",
      "capabilities": [
        "READ",
        "WRITE",
        "CONTROL"
      ],
      "metadata": {
        "name": "GenericNeuralDriver",
        "version": "1.0.0",
        "author": "Geometry OS",
        "description": "Neural driver for Disk /dev/loop39",
        "supported_platforms": [],
        "dependencies": []
      },
      "is_operational": true,
      "error": null
    },
    "Device 7d1c": {
      "class": "GenericNeuralDriver",
      "component_info": {
        "component_type": "pci",
        "name": "Host bridge",
        "vendor": "Intel Corporation",
        "device_id": "Device 7d1c",
        "bus_info": "00:00.0",
        "capabilities": [],
        "driver": "Unknown",
        "status": "detected"
      },
      "state": "READY",
      "capabilities": [
        "READ",
        "MONITOR",
        "CONTROL"
      ],
      "metadata": {
        "name": "GenericNeuralDriver",
        "version": "1.0.0",
        "author": "Geometry OS",
        "description": "Neural driver for Host bridge",
        "supported_platforms": [],
        "dependencies": []
      },
      "is_operational": true,
      "error": null
    },
    "Device 7ecc": {
      "class": "GenericNeuralDriver",
      "component_info": {
        "component_type": "pci",
        "name": "PCI bridge",
        "vendor": "Intel Corporation",
        "device_id": "Device 7ecc",
        "bus_info": "00:01.0",
        "capabilities": [],
        "driver": "Unknown",
        "status": "detected"
      },
      "state": "READY",
      "capabilities": [
        "READ",
        "MONITOR",
        "CONTROL"
      ],
      "metadata": {
        "name": "GenericNeuralDriver",
        "version": "1.0.0",
        "author": "Geometry OS",
        "description": "Neural driver for PCI bridge",
        "supported_platforms": [],
        "dependencies": []
      },
      "is_operational": true,
      "error": null
    },
    "Arrow Lake-U [Intel Graphics]": {
      "class": "GenericNeuralDriver",
      "component_info": {
        "component_type": "pci",
        "name": "VGA compatible controller",
        "vendor": "Intel Corporation",
        "device_id": "Arrow Lake-U [Intel Graphics]",
        "bus_info": "00:02.0",
        "capabilities": [],
        "driver": "Unknown",
        "status": "detected"
      },
      "state": "READY",
      "capabilities": [
        "READ",
        "MONITOR",
        "CONTROL"
      ],
      "metadata": {
        "name": "GenericNeuralDriver",
        "version": "1.0.0",
        "author": "Geometry OS",
        "description": "Neural driver for VGA compatible controller",
        "supported_platforms": [],
        "dependencies": []
      },
      "is_operational": true,
      "error": null
    },
    "Device ad03": {
      "class": "GenericNeuralDriver",
      "component_info": {
        "component_type": "pci",
        "name": "Signal processing controller",
        "vendor": "Intel Corporation",
        "device_id": "Device ad03",
        "bus_info": "00:04.0",
        "capabilities": [],
        "driver": "Unknown",
        "status": "detected"
      },
      "state": "READY",
      "capabilities": [
        "READ",
        "MONITOR",
        "CONTROL"
      ],
      "metadata": {
        "name": "GenericNeuralDriver",
        "version": "1.0.0",
        "author": "Geometry OS",
        "description": "Neural driver for Signal processing controller",
        "supported_platforms": [],
        "dependencies": []
      },
      "is_operational": true,
      "error": null
    },
    "Device ae4d": {
      "class": "GenericNeuralDriver",
      "component_info": {
        "component_type": "pci",
        "name": "PCI bridge",
        "vendor": "Intel Corporation",
        "device_id": "Device ae4d",
        "bus_info": "00:06.0",
        "capabilities": [],
        "driver": "Unknown",
        "status": "detected"
      },
      "state": "READY",
      "capabilities": [
        "READ",
        "MONITOR",
        "CONTROL"
      ],
      "metadata": {
        "name": "GenericNeuralDriver",
        "version": "1.0.0",
        "author": "Geometry OS",
        "description": "Neural driver for PCI bridge",
        "supported_platforms": [],
        "dependencies": []
      },
      "is_operational": true,
      "error": null
    },
    "Device 7eca": {
      "class": "GenericNeuralDriver",
      "component_info": {
        "component_type": "pci",
        "name": "PCI bridge",
        "vendor": "Intel Corporation",
        "device_id": "Device 7eca",
        "bus_info": "00:06.1",
        "capabilities": [],
        "driver": "Unknown",
        "status": "detected"
      },
      "state": "READY",
      "capabilities": [
        "READ",
        "MONITOR",
        "CONTROL"
      ],
      "metadata": {
        "name": "GenericNeuralDriver",
        "version": "1.0.0",
        "author": "Geometry OS",
        "description": "Neural driver for PCI bridge",
        "supported_platforms": [],
        "dependencies": []
      },
      "is_operational": true,
      "error": null
    },
    "Device ae4c": {
      "class": "GenericNeuralDriver",
      "component_info": {
        "component_type": "pci",
        "name": "System peripheral",
        "vendor": "Intel Corporation",
        "device_id": "Device ae4c",
        "bus_info": "00:08.0",
        "capabilities": [],
        "driver": "Unknown",
        "status": "detected"
      },
      "state": "READY",
      "capabilities": [
        "READ",
        "MONITOR",
        "CONTROL"
      ],
      "metadata": {
        "name": "GenericNeuralDriver",
        "version": "1.0.0",
        "author": "Geometry OS",
        "description": "Neural driver for System peripheral",
        "supported_platforms": [],
        "dependencies": []
      },
      "is_operational": true,
      "error": null
    },
    "Device ad0d": {
      "class": "GenericNeuralDriver",
      "component_info": {
        "component_type": "pci",
        "name": "Signal processing controller",
        "vendor": "Intel Corporation",
        "device_id": "Device ad0d",
        "bus_info": "00:0a.0",
        "capabilities": [],
        "driver": "Unknown",
        "status": "detected"
      },
      "state": "READY",
      "capabilities": [
        "READ",
        "MONITOR",
        "CONTROL"
      ],
      "metadata": {
        "name": "GenericNeuralDriver",
        "version": "1.0.0",
        "author": "Geometry OS",
        "description": "Neural driver for Signal processing controller",
        "supported_platforms": [],
        "dependencies": []
      },
      "is_operational": true,
      "error": null
    },
    "Arrow Lake NPU": {
      "class": "GenericNeuralDriver",
      "component_info": {
        "component_type": "pci",
        "name": "Processing accelerators",
        "vendor": "Intel Corporation",
        "device_id": "Arrow Lake NPU",
        "bus_info": "00:0b.0",
        "capabilities": [],
        "driver": "Unknown",
        "status": "detected"
      },
      "state": "READY",
      "capabilities": [
        "READ",
        "MONITOR",
        "CONTROL"
      ],
      "metadata": {
        "name": "GenericNeuralDriver",
        "version": "1.0.0",
        "author": "Geometry OS",
        "description": "Neural driver for Processing accelerators",
        "supported_platforms": [],
        "dependencies": []
      },
      "is_operational": true,
      "error": null
    },
    "Device ae7f": {
      "class": "GenericNeuralDriver",
      "component_info": {
        "component_type": "pci",
        "name": "RAM memory",
        "vendor": "Intel Corporation",
        "device_id": "Device ae7f",
        "bus_info": "00:14.0",
        "capabilities": [],
        "driver": "Unknown",
        "status": "detected"
      },
      "state": "READY",
      "capabilities": [
        "READ",
        "MONITOR",
        "CONTROL"
      ],
      "metadata": {
        "name": "GenericNeuralDriver",
        "version": "1.0.0",
        "author": "Geometry OS",
        "description": "Neural driver for RAM memory",
        "supported_platforms": [],
        "dependencies": []
      },
      "is_operational": true,
      "error": null
    },
    "Device ae10": {
      "class": "GenericNeuralDriver",
      "component_info": {
        "component_type": "pci",
        "name": "ISA bridge",
        "vendor": "Intel Corporation",
        "device_id": "Device ae10",
        "bus_info": "00:1f.0",
        "capabilities": [],
        "driver": "Unknown",
        "status": "detected"
      },
      "state": "READY",
      "capabilities": [
        "READ",
        "MONITOR",
        "CONTROL"
      ],
      "metadata": {
        "name": "GenericNeuralDriver",
        "version": "1.0.0",
        "author": "Geometry OS",
        "description": "Neural driver for ISA bridge",
        "supported_platforms": [],
        "dependencies": []
      },
      "is_operational": true,
      "error": null
    },
    "Device ae23": {
      "class": "GenericNeuralDriver",
      "component_info": {
        "component_type": "pci",
        "name": "Serial bus controller",
        "vendor": "Intel Corporation",
        "device_id": "Device ae23",
        "bus_info": "00:1f.5",
        "capabilities": [],
        "driver": "Unknown",
        "status": "detected"
      },
      "state": "READY",
      "capabilities": [
        "READ",
        "MONITOR",
        "CONTROL"
      ],
      "metadata": {
        "name": "GenericNeuralDriver",
        "version": "1.0.0",
        "author": "Geometry OS",
        "description": "Neural driver for Serial bus controller",
        "supported_platforms": [],
        "dependencies": []
      },
      "is_operational": true,
      "error": null
    },
    "Device 5049": {
      "class": "GenericNeuralDriver",
      "component_info": {
        "component_type": "pci",
        "name": "Non-Volatile memory controller",
        "vendor": "Sandisk Corp",
        "device_id": "Device 5049",
        "bus_info": "01:00.0",
        "capabilities": [],
        "driver": "Unknown",
        "status": "detected"
      },
      "state": "READY",
      "capabilities": [
        "READ",
        "MONITOR",
        "CONTROL"
      ],
      "metadata": {
        "name": "GenericNeuralDriver",
        "version": "1.0.0",
        "author": "Geometry OS",
        "description": "Neural driver for Non-Volatile memory controller",
        "supported_platforms": [],
        "dependencies": []
      },
      "is_operational": true,
      "error": null
    },
    "Device 2c58": {
      "class": "GenericNeuralDriver",
      "component_info": {
        "component_type": "pci",
        "name": "VGA compatible controller",
        "vendor": "NVIDIA Corporation",
        "device_id": "Device 2c58",
        "bus_info": "02:00.0",
        "capabilities": [],
        "driver": "Unknown",
        "status": "detected"
      },
      "state": "READY",
      "capabilities": [
        "READ",
        "MONITOR",
        "CONTROL"
      ],
      "metadata": {
        "name": "GenericNeuralDriver",
        "version": "1.0.0",
        "author": "Geometry OS",
        "description": "Neural driver for VGA compatible controller",
        "supported_platforms": [],
        "dependencies": []
      },
      "is_operational": true,
      "error": null
    },
    "Device 22e9": {
      "class": "GenericNeuralDriver",
      "component_info": {
        "component_type": "pci",
        "name": "Audio device",
        "vendor": "NVIDIA Corporation",
        "device_id": "Device 22e9",
        "bus_info": "02:00.1",
        "capabilities": [],
        "driver": "Unknown",
        "status": "detected"
      },
      "state": "READY",
      "capabilities": [
        "READ",
        "MONITOR",
        "CONTROL"
      ],
      "metadata": {
        "name": "GenericNeuralDriver",
        "version": "1.0.0",
        "author": "Geometry OS",
        "description": "Neural driver for Audio device",
        "supported_platforms": [],
        "dependencies": []
      },
      "is_operational": true,
      "error": null
    },
    "Thunderbolt 80/120G Bridge [Barlow Ridge Host 80G 2023]": {
      "class": "GenericNeuralDriver",
      "component_info": {
        "component_type": "pci",
        "name": "PCI bridge",
        "vendor": "Intel Corporation",
        "device_id": "Thunderbolt 80/120G Bridge [Barlow Ridge Host 80G 2023]",
        "bus_info": "04:03.0",
        "capabilities": [],
        "driver": "Unknown",
        "status": "detected"
      },
      "state": "READY",
      "capabilities": [
        "READ",
        "MONITOR",
        "CONTROL"
      ],
      "metadata": {
        "name": "GenericNeuralDriver",
        "version": "1.0.0",
        "author": "Geometry OS",
        "description": "Neural driver for PCI bridge",
        "supported_platforms": [],
        "dependencies": []
      },
      "is_operational": true,
      "error": null
    },
    "Thunderbolt 80/120G NHI [Barlow Ridge Host 80G 2023]": {
      "class": "GenericNeuralDriver",
      "component_info": {
        "component_type": "pci",
        "name": "USB controller",
        "vendor": "Intel Corporation",
        "device_id": "Thunderbolt 80/120G NHI [Barlow Ridge Host 80G 2023]",
        "bus_info": "05:00.0",
        "capabilities": [],
        "driver": "Unknown",
        "status": "detected"
      },
      "state": "READY",
      "capabilities": [
        "READ",
        "MONITOR",
        "CONTROL"
      ],
      "metadata": {
        "name": "GenericNeuralDriver",
        "version": "1.0.0",
        "author": "Geometry OS",
        "description": "Neural driver for USB controller",
        "supported_platforms": [],
        "dependencies": []
      },
      "is_operational": true,
      "error": null
    },
    "Thunderbolt 80/120G USB Controller [Barlow Ridge Host 80G 2023]": {
      "class": "GenericNeuralDriver",
      "component_info": {
        "component_type": "pci",
        "name": "USB controller",
        "vendor": "Intel Corporation",
        "device_id": "Thunderbolt 80/120G USB Controller [Barlow Ridge Host 80G 2023]",
        "bus_info": "3b:00.0",
        "capabilities": [],
        "driver": "Unknown",
        "status": "detected"
      },
      "state": "READY",
      "capabilities": [
        "READ",
        "MONITOR",
        "CONTROL"
      ],
      "metadata": {
        "name": "GenericNeuralDriver",
        "version": "1.0.0",
        "author": "Geometry OS",
        "description": "Neural driver for USB controller",
        "supported_platforms": [],
        "dependencies": []
      },
      "is_operational": true,
      "error": null
    },
    "Device 7f78": {
      "class": "GenericNeuralDriver",
      "component_info": {
        "component_type": "pci",
        "name": "Serial controller",
        "vendor": "Intel Corporation",
        "device_id": "Device 7f78",
        "bus_info": "80:12.0",
        "capabilities": [],
        "driver": "Unknown",
        "status": "detected"
      },
      "state": "READY",
      "capabilities": [
        "READ",
        "MONITOR",
        "CONTROL"
      ],
      "metadata": {
        "name": "GenericNeuralDriver",
        "version": "1.0.0",
        "author": "Geometry OS",
        "description": "Neural driver for Serial controller",
        "supported_platforms": [],
        "dependencies": []
      },
      "is_operational": true,
      "error": null
    },
    "Device 7f6e": {
      "class": "GenericNeuralDriver",
      "component_info": {
        "component_type": "pci",
        "name": "USB controller",
        "vendor": "Intel Corporation",
        "device_id": "Device 7f6e",
        "bus_info": "80:14.0",
        "capabilities": [],
        "driver": "Unknown",
        "status": "detected"
      },
      "state": "READY",
      "capabilities": [
        "READ",
        "MONITOR",
        "CONTROL"
      ],
      "metadata": {
        "name": "GenericNeuralDriver",
        "version": "1.0.0",
        "author": "Geometry OS",
        "description": "Neural driver for USB controller",
        "supported_platforms": [],
        "dependencies": []
      },
      "is_operational": true,
      "error": null
    },
    "Device 7f2f": {
      "class": "GenericNeuralDriver",
      "component_info": {
        "component_type": "pci",
        "name": "Non-VGA unclassified device",
        "vendor": "Intel Corporation",
        "device_id": "Device 7f2f",
        "bus_info": "80:14.5",
        "capabilities": [],
        "driver": "Unknown",
        "status": "detected"
      },
      "state": "READY",
      "capabilities": [
        "READ",
        "MONITOR",
        "CONTROL"
      ],
      "metadata": {
        "name": "GenericNeuralDriver",
        "version": "1.0.0",
        "author": "Geometry OS",
        "description": "Neural driver for Non-VGA unclassified device",
        "supported_platforms": [],
        "dependencies": []
      },
      "is_operational": true,
      "error": null
    },
    "Device 7f4c": {
      "class": "GenericNeuralDriver",
      "component_info": {
        "component_type": "pci",
        "name": "Serial bus controller",
        "vendor": "Intel Corporation",
        "device_id": "Device 7f4c",
        "bus_info": "80:15.0",
        "capabilities": [],
        "driver": "Unknown",
        "status": "detected"
      },
      "state": "READY",
      "capabilities": [
        "READ",
        "MONITOR",
        "CONTROL"
      ],
      "metadata": {
        "name": "GenericNeuralDriver",
        "version": "1.0.0",
        "author": "Geometry OS",
        "description": "Neural driver for Serial bus controller",
        "supported_platforms": [],
        "dependencies": []
      },
      "is_operational": true,
      "error": null
    },
    "Device 7f4f": {
      "class": "GenericNeuralDriver",
      "component_info": {
        "component_type": "pci",
        "name": "Serial bus controller",
        "vendor": "Intel Corporation",
        "device_id": "Device 7f4f",
        "bus_info": "80:15.3",
        "capabilities": [],
        "driver": "Unknown",
        "status": "detected"
      },
      "state": "READY",
      "capabilities": [
        "READ",
        "MONITOR",
        "CONTROL"
      ],
      "metadata": {
        "name": "GenericNeuralDriver",
        "version": "1.0.0",
        "author": "Geometry OS",
        "description": "Neural driver for Serial bus controller",
        "supported_platforms": [],
        "dependencies": []
      },
      "is_operational": true,
      "error": null
    },
    "Device 7f68": {
      "class": "GenericNeuralDriver",
      "component_info": {
        "component_type": "pci",
        "name": "Communication controller",
        "vendor": "Intel Corporation",
        "device_id": "Device 7f68",
        "bus_info": "80:16.0",
        "capabilities": [],
        "driver": "Unknown",
        "status": "detected"
      },
      "state": "READY",
      "capabilities": [
        "READ",
        "MONITOR",
        "CONTROL"
      ],
      "metadata": {
        "name": "GenericNeuralDriver",
        "version": "1.0.0",
        "author": "Geometry OS",
        "description": "Neural driver for Communication controller",
        "supported_platforms": [],
        "dependencies": []
      },
      "is_operational": true,
      "error": null
    },
    "Device 7f7a": {
      "class": "GenericNeuralDriver",
      "component_info": {
        "component_type": "pci",
        "name": "Serial bus controller",
        "vendor": "Intel Corporation",
        "device_id": "Device 7f7a",
        "bus_info": "80:19.0",
        "capabilities": [],
        "driver": "Unknown",
        "status": "detected"
      },
      "state": "READY",
      "capabilities": [
        "READ",
        "MONITOR",
        "CONTROL"
      ],
      "metadata": {
        "name": "GenericNeuralDriver",
        "version": "1.0.0",
        "author": "Geometry OS",
        "description": "Neural driver for Serial bus controller",
        "supported_platforms": [],
        "dependencies": []
      },
      "is_operational": true,
      "error": null
    },
    "Device 7f3c": {
      "class": "GenericNeuralDriver",
      "component_info": {
        "component_type": "pci",
        "name": "PCI bridge",
        "vendor": "Intel Corporation",
        "device_id": "Device 7f3c",
        "bus_info": "80:1c.0",
        "capabilities": [],
        "driver": "Unknown",
        "status": "detected"
      },
      "state": "READY",
      "capabilities": [
        "READ",
        "MONITOR",
        "CONTROL"
      ],
      "metadata": {
        "name": "GenericNeuralDriver",
        "version": "1.0.0",
        "author": "Geometry OS",
        "description": "Neural driver for PCI bridge",
        "supported_platforms": [],
        "dependencies": []
      },
      "is_operational": true,
      "error": null
    },
    "Device 7f3d": {
      "class": "GenericNeuralDriver",
      "component_info": {
        "component_type": "pci",
        "name": "PCI bridge",
        "vendor": "Intel Corporation",
        "device_id": "Device 7f3d",
        "bus_info": "80:1c.5",
        "capabilities": [],
        "driver": "Unknown",
        "status": "detected"
      },
      "state": "READY",
      "capabilities": [
        "READ",
        "MONITOR",
        "CONTROL"
      ],
      "metadata": {
        "name": "GenericNeuralDriver",
        "version": "1.0.0",
        "author": "Geometry OS",
        "description": "Neural driver for PCI bridge",
        "supported_platforms": [],
        "dependencies": []
      },
      "is_operational": true,
      "error": null
    },
    "Device 7f3e": {
      "class": "GenericNeuralDriver",
      "component_info": {
        "component_type": "pci",
        "name": "PCI bridge",
        "vendor": "Intel Corporation",
        "device_id": "Device 7f3e",
        "bus_info": "80:1c.6",
        "capabilities": [],
        "driver": "Unknown",
        "status": "detected"
      },
      "state": "READY",
      "capabilities": [
        "READ",
        "MONITOR",
        "CONTROL"
      ],
      "metadata": {
        "name": "GenericNeuralDriver",
        "version": "1.0.0",
        "author": "Geometry OS",
        "description": "Neural driver for PCI bridge",
        "supported_platforms": [],
        "dependencies": []
      },
      "is_operational": true,
      "error": null
    },
    "Device 7f28": {
      "class": "GenericNeuralDriver",
      "component_info": {
        "component_type": "pci",
        "name": "Communication controller",
        "vendor": "Intel Corporation",
        "device_id": "Device 7f28",
        "bus_info": "80:1e.0",
        "capabilities": [],
        "driver": "Unknown",
        "status": "detected"
      },
      "state": "READY",
      "capabilities": [
        "READ",
        "MONITOR",
        "CONTROL"
      ],
      "metadata": {
        "name": "GenericNeuralDriver",
        "version": "1.0.0",
        "author": "Geometry OS",
        "description": "Neural driver for Communication controller",
        "supported_platforms": [],
        "dependencies": []
      },
      "is_operational": true,
      "error": null
    },
    "Device 7f2a": {
      "class": "GenericNeuralDriver",
      "component_info": {
        "component_type": "pci",
        "name": "Serial bus controller",
        "vendor": "Intel Corporation",
        "device_id": "Device 7f2a",
        "bus_info": "80:1e.2",
        "capabilities": [],
        "driver": "Unknown",
        "status": "detected"
      },
      "state": "READY",
      "capabilities": [
        "READ",
        "MONITOR",
        "CONTROL"
      ],
      "metadata": {
        "name": "GenericNeuralDriver",
        "version": "1.0.0",
        "author": "Geometry OS",
        "description": "Neural driver for Serial bus controller",
        "supported_platforms": [],
        "dependencies": []
      },
      "is_operational": true,
      "error": null
    },
    "Device 7f0c": {
      "class": "GenericNeuralDriver",
      "component_info": {
        "component_type": "pci",
        "name": "ISA bridge",
        "vendor": "Intel Corporation",
        "device_id": "Device 7f0c",
        "bus_info": "80:1f.0",
        "capabilities": [],
        "driver": "Unknown",
        "status": "detected"
      },
      "state": "READY",
      "capabilities": [
        "READ",
        "MONITOR",
        "CONTROL"
      ],
      "metadata": {
        "name": "GenericNeuralDriver",
        "version": "1.0.0",
        "author": "Geometry OS",
        "description": "Neural driver for ISA bridge",
        "supported_platforms": [],
        "dependencies": []
      },
      "is_operational": true,
      "error": null
    },
    "Device 7f50": {
      "class": "GenericNeuralDriver",
      "component_info": {
        "component_type": "pci",
        "name": "Multimedia audio controller",
        "vendor": "Intel Corporation",
        "device_id": "Device 7f50",
        "bus_info": "80:1f.3",
        "capabilities": [],
        "driver": "Unknown",
        "status": "detected"
      },
      "state": "READY",
      "capabilities": [
        "READ",
        "MONITOR",
        "CONTROL"
      ],
      "metadata": {
        "name": "GenericNeuralDriver",
        "version": "1.0.0",
        "author": "Geometry OS",
        "description": "Neural driver for Multimedia audio controller",
        "supported_platforms": [],
        "dependencies": []
      },
      "is_operational": true,
      "error": null
    },
    "Device 7f23": {
      "class": "GenericNeuralDriver",
      "component_info": {
        "component_type": "pci",
        "name": "SMBus",
        "vendor": "Intel Corporation",
        "device_id": "Device 7f23",
        "bus_info": "80:1f.4",
        "capabilities": [],
        "driver": "Unknown",
        "status": "detected"
      },
      "state": "READY",
      "capabilities": [
        "READ",
        "MONITOR",
        "CONTROL"
      ],
      "metadata": {
        "name": "GenericNeuralDriver",
        "version": "1.0.0",
        "author": "Geometry OS",
        "description": "Neural driver for SMBus",
        "supported_platforms": [],
        "dependencies": []
      },
      "is_operational": true,
      "error": null
    },
    "Device 7f24": {
      "class": "GenericNeuralDriver",
      "component_info": {
        "component_type": "pci",
        "name": "Serial bus controller",
        "vendor": "Intel Corporation",
        "device_id": "Device 7f24",
        "bus_info": "80:1f.5",
        "capabilities": [],
        "driver": "Unknown",
        "status": "detected"
      },
      "state": "READY",
      "capabilities": [
        "READ",
        "MONITOR",
        "CONTROL"
      ],
      "metadata": {
        "name": "GenericNeuralDriver",
        "version": "1.0.0",
        "author": "Geometry OS",
        "description": "Neural driver for Serial bus controller",
        "supported_platforms": [],
        "dependencies": []
      },
      "is_operational": true,
      "error": null
    },
    "RTS525A PCI Express Card Reader": {
      "class": "GenericNeuralDriver",
      "component_info": {
        "component_type": "pci",
        "name": "Unassigned class [ff00]",
        "vendor": "Realtek Semiconductor Co., Ltd.",
        "device_id": "RTS525A PCI Express Card Reader",
        "bus_info": "81:00.0",
        "capabilities": [],
        "driver": "Unknown",
        "status": "detected"
      },
      "state": "READY",
      "capabilities": [
        "READ",
        "MONITOR",
        "CONTROL"
      ],
      "metadata": {
        "name": "GenericNeuralDriver",
        "version": "1.0.0",
        "author": "Geometry OS",
        "description": "Neural driver for Unassigned class [ff00]",
        "supported_platforms": [],
        "dependencies": []
      },
      "is_operational": true,
      "error": null
    },
    "Wi-Fi 7(802.11be) AX1775*/AX1790*/BE20*/BE401/BE1750* 2x2": {
      "class": "GenericNeuralDriver",
      "component_info": {
        "component_type": "pci",
        "name": "Network controller",
        "vendor": "Intel Corporation",
        "device_id": "Wi-Fi 7(802.11be) AX1775*/AX1790*/BE20*/BE401/BE1750* 2x2",
        "bus_info": "83:00.0",
        "capabilities": [],
        "driver": "Unknown",
        "status": "detected"
      },
      "state": "READY",
      "capabilities": [
        "READ",
        "MONITOR",
        "CONTROL"
      ],
      "metadata": {
        "name": "GenericNeuralDriver",
        "version": "1.0.0",
        "author": "Geometry OS",
        "description": "Neural driver for Network controller",
        "supported_platforms": [],
        "dependencies": []
      },
      "is_operational": true,
      "error": null
    },
    "1d6b:0002": {
      "class": "GenericNeuralDriver",
      "component_info": {
        "component_type": "usb",
        "name": "Linux Foundation 2.0 root hub",
        "vendor": "USB Vendor 1d6b",
        "device_id": "1d6b:0002",
        "bus_info": "003-001:",
        "capabilities": [],
        "driver": "Unknown",
        "status": "detected"
      },
      "state": "READY",
      "capabilities": [
        "READ",
        "MONITOR",
        "CONTROL"
      ],
      "metadata": {
        "name": "GenericNeuralDriver",
        "version": "1.0.0",
        "author": "Geometry OS",
        "description": "Neural driver for Linux Foundation 2.0 root hub",
        "supported_platforms": [],
        "dependencies": []
      },
      "is_operational": true,
      "error": null
    },
    "1d6b:0003": {
      "class": "GenericNeuralDriver",
      "component_info": {
        "component_type": "usb",
        "name": "Linux Foundation 3.0 root hub",
        "vendor": "USB Vendor 1d6b",
        "device_id": "1d6b:0003",
        "bus_info": "004-001:",
        "capabilities": [],
        "driver": "Unknown",
        "status": "detected"
      },
      "state": "READY",
      "capabilities": [
        "READ",
        "MONITOR",
        "CONTROL"
      ],
      "metadata": {
        "name": "GenericNeuralDriver",
        "version": "1.0.0",
        "author": "Geometry OS",
        "description": "Neural driver for Linux Foundation 3.0 root hub",
        "supported_platforms": [],
        "dependencies": []
      },
      "is_operational": true,
      "error": null
    },
    "187c:0551": {
      "class": "GenericNeuralDriver",
      "component_info": {
        "component_type": "usb",
        "name": "Alienware Corporation AW-ELC",
        "vendor": "USB Vendor 187c",
        "device_id": "187c:0551",
        "bus_info": "003-002:",
        "capabilities": [],
        "driver": "Unknown",
        "status": "detected"
      },
      "state": "READY",
      "capabilities": [
        "READ",
        "MONITOR",
        "CONTROL"
      ],
      "metadata": {
        "name": "GenericNeuralDriver",
        "version": "1.0.0",
        "author": "Geometry OS",
        "description": "Neural driver for Alienware Corporation AW-ELC",
        "supported_platforms": [],
        "dependencies": []
      },
      "is_operational": true,
      "error": null
    },
    "0bda:5591": {
      "class": "GenericNeuralDriver",
      "component_info": {
        "component_type": "usb",
        "name": "Realtek Semiconductor Corp. Integrated_Webcam_FHD",
        "vendor": "USB Vendor 0bda",
        "device_id": "0bda:5591",
        "bus_info": "003-003:",
        "capabilities": [],
        "driver": "Unknown",
        "status": "detected"
      },
      "state": "READY",
      "capabilities": [
        "READ",
        "MONITOR",
        "CONTROL"
      ],
      "metadata": {
        "name": "GenericNeuralDriver",
        "version": "1.0.0",
        "author": "Geometry OS",
        "description": "Neural driver for Realtek Semiconductor Corp. Integrated_Webcam_FHD",
        "supported_platforms": [],
        "dependencies": []
      },
      "is_operational": true,
      "error": null
    },
    "0d62:6abc": {
      "class": "GenericNeuralDriver",
      "component_info": {
        "component_type": "usb",
        "name": "Darfon Electronics Corp. Keyboard",
        "vendor": "USB Vendor 0d62",
        "device_id": "0d62:6abc",
        "bus_info": "003-004:",
        "capabilities": [],
        "driver": "Unknown",
        "status": "detected"
      },
      "state": "READY",
      "capabilities": [
        "READ",
        "MONITOR",
        "CONTROL"
      ],
      "metadata": {
        "name": "GenericNeuralDriver",
        "version": "1.0.0",
        "author": "Geometry OS",
        "description": "Neural driver for Darfon Electronics Corp. Keyboard",
        "supported_platforms": [],
        "dependencies": []
      },
      "is_operational": true,
      "error": null
    },
    "093a:2510": {
      "class": "GenericNeuralDriver",
      "component_info": {
        "component_type": "usb",
        "name": "Pixart Imaging, Inc. Optical Mouse",
        "vendor": "USB Vendor 093a",
        "device_id": "093a:2510",
        "bus_info": "003-005:",
        "capabilities": [],
        "driver": "Unknown",
        "status": "detected"
      },
      "state": "READY",
      "capabilities": [
        "READ",
        "MONITOR",
        "CONTROL"
      ],
      "metadata": {
        "name": "GenericNeuralDriver",
        "version": "1.0.0",
        "author": "Geometry OS",
        "description": "Neural driver for Pixart Imaging, Inc. Optical Mouse",
        "supported_platforms": [],
        "dependencies": []
      },
      "is_operational": true,
      "error": null
    },
    "8087:0036": {
      "class": "GenericNeuralDriver",
      "component_info": {
        "component_type": "usb",
        "name": "Intel Corp.",
        "vendor": "USB Vendor 8087",
        "device_id": "8087:0036",
        "bus_info": "003-006:",
        "capabilities": [],
        "driver": "Unknown",
        "status": "detected"
      },
      "state": "READY",
      "capabilities": [
        "READ",
        "MONITOR",
        "CONTROL"
      ],
      "metadata": {
        "name": "GenericNeuralDriver",
        "version": "1.0.0",
        "author": "Geometry OS",
        "description": "Neural driver for Intel Corp.",
        "supported_platforms": [],
        "dependencies": []
      },
      "is_operational": true,
      "error": null
    },
    "4c4a:4155": {
      "class": "GenericNeuralDriver",
      "component_info": {
        "component_type": "usb",
        "name": "Jieli Technology USB Composite Device",
        "vendor": "USB Vendor 4c4a",
        "device_id": "4c4a:4155",
        "bus_info": "003-008:",
        "capabilities": [],
        "driver": "Unknown",
        "status": "detected"
      },
      "state": "READY",
      "capabilities": [
        "READ",
        "MONITOR",
        "CONTROL"
      ],
      "metadata": {
        "name": "GenericNeuralDriver",
        "version": "1.0.0",
        "author": "Geometry OS",
        "description": "Neural driver for Jieli Technology USB Composite Device",
        "supported_platforms": [],
        "dependencies": []
      },
      "is_operational": true,
      "error": null
    },
    "0b95:1790": {
      "class": "GenericNeuralDriver",
      "component_info": {
        "component_type": "usb",
        "name": "ASIX Electronics Corp. AX88179 Gigabit Ethernet",
        "vendor": "USB Vendor 0b95",
        "device_id": "0b95:1790",
        "bus_info": "004-002:",
        "capabilities": [],
        "driver": "Unknown",
        "status": "detected"
      },
      "state": "READY",
      "capabilities": [
        "READ",
        "MONITOR",
        "CONTROL"
      ],
      "metadata": {
        "name": "GenericNeuralDriver",
        "version": "1.0.0",
        "author": "Geometry OS",
        "description": "Neural driver for ASIX Electronics Corp. AX88179 Gigabit Ethernet",
        "supported_platforms": [],
        "dependencies": []
      },
      "is_operational": true,
      "error": null
    },
    "lo": {
      "class": "GenericNeuralDriver",
      "component_info": {
        "component_type": "network",
        "name": "lo",
        "vendor": "Unknown",
        "device_id": "lo",
        "bus_info": "Unknown",
        "capabilities": [
          "networking"
        ],
        "driver": "Unknown",
        "status": "detected"
      },
      "state": "READY",
      "capabilities": [
        "READ",
        "WRITE",
        "CONTROL",
        "MONITOR"
      ],
      "metadata": {
        "name": "GenericNeuralDriver",
        "version": "1.0.0",
        "author": "Geometry OS",
        "description": "Neural driver for lo",
        "supported_platforms": [],
        "dependencies": []
      },
      "is_operational": true,
      "error": null
    },
    "enx6c6e07130e57": {
      "class": "GenericNeuralDriver",
      "component_info": {
        "component_type": "network",
        "name": "enx6c6e07130e57",
        "vendor": "Unknown",
        "device_id": "enx6c6e07130e57",
        "bus_info": "Unknown",
        "capabilities": [
          "networking"
        ],
        "driver": "Unknown",
        "status": "detected"
      },
      "state": "READY",
      "capabilities": [
        "READ",
        "WRITE",
        "CONTROL",
        "MONITOR"
      ],
      "metadata": {
        "name": "GenericNeuralDriver",
        "version": "1.0.0",
        "author": "Geometry OS",
        "description": "Neural driver for enx6c6e07130e57",
        "supported_platforms": [],
        "dependencies": []
      },
      "is_operational": true,
      "error": null
    },
    "wlp131s0f0": {
      "class": "GenericNeuralDriver",
      "component_info": {
        "component_type": "network",
        "name": "wlp131s0f0",
        "vendor": "Unknown",
        "device_id": "wlp131s0f0",
        "bus_info": "Unknown",
        "capabilities": [
          "networking"
        ],
        "driver": "Unknown",
        "status": "detected"
      },
      "state": "READY",
      "capabilities": [
        "READ",
        "WRITE",
        "CONTROL",
        "MONITOR"
      ],
      "metadata": {
        "name": "GenericNeuralDriver",
        "version": "1.0.0",
        "author": "Geometry OS",
        "description": "Neural driver for wlp131s0f0",
        "supported_platforms": [],
        "dependencies": []
      },
      "is_operational": true,
      "error": null
    },
    "docker0": {
      "class": "GenericNeuralDriver",
      "component_info": {
        "component_type": "network",
        "name": "docker0",
        "vendor": "Unknown",
        "device_id": "docker0",
        "bus_info": "Unknown",
        "capabilities": [
          "networking"
        ],
        "driver": "Unknown",
        "status": "detected"
      },
      "state": "READY",
      "capabilities": [
        "READ",
        "WRITE",
        "CONTROL",
        "MONITOR"
      ],
      "metadata": {
        "name": "GenericNeuralDriver",
        "version": "1.0.0",
        "author": "Geometry OS",
        "description": "Neural driver for docker0",
        "supported_platforms": [],
        "dependencies": []
      },
      "is_operational": true,
      "error": null
    }
  }
}