{
  "system_info": {
    "os": "Linux",
    "os_version": "#16-Ubuntu SMP PREEMPT_DYNAMIC Tue Oct 21 09:55:24 UTC 2025",
    "architecture": "x86_64",
    "hostname": "jericho",
    "kernel": "6.14.0-1016-oem"
  },
  "components": [
    {
      "component_type": "cpu",
      "name": "Intel(R) Core(TM) Ultra 9 275HX",
      "vendor": "GenuineIntel",
      "device_id": "Unknown",
      "bus_info": "Unknown",
      "capabilities": [
        "processing",
        "multicore"
      ],
      "driver": "Unknown",
      "status": "detected"
    },
    {
      "component_type": "memory",
      "name": "System Memory",
      "vendor": "System",
      "device_id": "65279264KB",
      "bus_info": "Unknown",
      "capabilities": [
        "volatile_storage"
      ],
      "driver": "Unknown",
      "status": "detected"
    },
    {
      "component_type": "memory",
      "name": "System Memory",
      "vendor": "System",
      "device_id": "66845966336 bytes",
      "bus_info": "Unknown",
      "capabilities": [
        "volatile_storage"
      ],
      "driver": "Unknown",
      "status": "detected"
    },
    {
      "component_type": "disk",
      "name": "Disk /dev/nvme0n1p3",
      "vendor": "Unknown",
      "device_id": "/dev/nvme0n1p3",
      "bus_info": "Unknown",
      "capabilities": [
        "storage",
        "persistent"
      ],
      "driver": "ext4",
      "status": "detected"
    },
    {
      "component_type": "disk",
      "name": "Disk /dev/loop0",
      "vendor": "Unknown",
      "device_id": "/dev/loop0",
      "bus_info": "Unknown",
      "capabilities": [
        "storage",
        "persistent"
      ],
      "driver": "squashfs",
      "status": "detected"
    },
    {
      "component_type": "disk",
      "name": "Disk /dev/loop1",
      "vendor": "Unknown",
      "device_id": "/dev/loop1",
      "bus_info": "Unknown",
      "capabilities": [
        "storage",
        "persistent"
      ],
      "driver": "squashfs",
      "status": "detected"
    },
    {
      "component_type": "disk",
      "name": "Disk /dev/loop2",
      "vendor": "Unknown",
      "device_id": "/dev/loop2",
      "bus_info": "Unknown",
      "capabilities": [
        "storage",
        "persistent"
      ],
      "driver": "squashfs",
      "status": "detected"
    },
    {
      "component_type": "disk",
      "name": "Disk /dev/loop3",
      "vendor": "Unknown",
      "device_id": "/dev/loop3",
      "bus_info": "Unknown",
      "capabilities": [
        "storage",
        "persistent"
      ],
      "driver": "squashfs",
      "status": "detected"
    },
    {
      "component_type": "disk",
      "name": "Disk /dev/loop4",
      "vendor": "Unknown",
      "device_id": "/dev/loop4",
      "bus_info": "Unknown",
      "capabilities": [
        "storage",
        "persistent"
      ],
      "driver": "squashfs",
      "status": "detected"
    },
    {
      "component_type": "disk",
      "name": "Disk /dev/loop5",
      "vendor": "Unknown",
      "device_id": "/dev/loop5",
      "bus_info": "Unknown",
      "capabilities": [
        "storage",
        "persistent"
      ],
      "driver": "squashfs",
      "status": "detected"
    },
    {
      "component_type": "disk",
      "name": "Disk /dev/loop6",
      "vendor": "Unknown",
      "device_id": "/dev/loop6",
      "bus_info": "Unknown",
      "capabilities": [
        "storage",
        "persistent"
      ],
      "driver": "squashfs",
      "status": "detected"
    },
    {
      "component_type": "disk",
      "name": "Disk /dev/loop7",
      "vendor": "Unknown",
      "device_id": "/dev/loop7",
      "bus_info": "Unknown",
      "capabilities": [
        "storage",
        "persistent"
      ],
      "driver": "squashfs",
      "status": "detected"
    },
    {
      "component_type": "disk",
      "name": "Disk /dev/loop8",
      "vendor": "Unknown",
      "device_id": "/dev/loop8",
      "bus_info": "Unknown",
      "capabilities": [
        "storage",
        "persistent"
      ],
      "driver": "squashfs",
      "status": "detected"
    },
    {
      "component_type": "disk",
      "name": "Disk /dev/loop9",
      "vendor": "Unknown",
      "device_id": "/dev/loop9",
      "bus_info": "Unknown",
      "capabilities": [
        "storage",
        "persistent"
      ],
      "driver": "squashfs",
      "status": "detected"
    },
    {
      "component_type": "disk",
      "name": "Disk /dev/loop10",
      "vendor": "Unknown",
      "device_id": "/dev/loop10",
      "bus_info": "Unknown",
      "capabilities": [
        "storage",
        "persistent"
      ],
      "driver": "squashfs",
      "status": "detected"
    },
    {
      "component_type": "disk",
      "name": "Disk /dev/loop11",
      "vendor": "Unknown",
      "device_id": "/dev/loop11",
      "bus_info": "Unknown",
      "capabilities": [
        "storage",
        "persistent"
      ],
      "driver": "squashfs",
      "status": "detected"
    },
    {
      "component_type": "disk",
      "name": "Disk /dev/loop12",
      "vendor": "Unknown",
      "device_id": "/dev/loop12",
      "bus_info": "Unknown",
      "capabilities": [
        "storage",
        "persistent"
      ],
      "driver": "squashfs",
      "status": "detected"
    },
    {
      "component_type": "disk",
      "name": "Disk /dev/loop13",
      "vendor": "Unknown",
      "device_id": "/dev/loop13",
      "bus_info": "Unknown",
      "capabilities": [
        "storage",
        "persistent"
      ],
      "driver": "squashfs",
      "status": "detected"
    },
    {
      "component_type": "disk",
      "name": "Disk /dev/loop14",
      "vendor": "Unknown",
      "device_id": "/dev/loop14",
      "bus_info": "Unknown",
      "capabilities": [
        "storage",
        "persistent"
      ],
      "driver": "squashfs",
      "status": "detected"
    },
    {
      "component_type": "disk",
      "name": "Disk /dev/loop15",
      "vendor": "Unknown",
      "device_id": "/dev/loop15",
      "bus_info": "Unknown",
      "capabilities": [
        "storage",
        "persistent"
      ],
      "driver": "squashfs",
      "status": "detected"
    },
    {
      "component_type": "disk",
      "name": "Disk /dev/loop16",
      "vendor": "Unknown",
      "device_id": "/dev/loop16",
      "bus_info": "Unknown",
      "capabilities": [
        "storage",
        "persistent"
      ],
      "driver": "squashfs",
      "status": "detected"
    },
    {
      "component_type": "disk",
      "name": "Disk /dev/loop17",
      "vendor": "Unknown",
      "device_id": "/dev/loop17",
      "bus_info": "Unknown",
      "capabilities": [
        "storage",
        "persistent"
      ],
      "driver": "squashfs",
      "status": "detected"
    },
    {
      "component_type": "disk",
      "name": "Disk /dev/loop19",
      "vendor": "Unknown",
      "device_id": "/dev/loop19",
      "bus_info": "Unknown",
      "capabilities": [
        "storage",
        "persistent"
      ],
      "driver": "squashfs",
      "status": "detected"
    },
    {
      "component_type": "disk",
      "name": "Disk /dev/loop18",
      "vendor": "Unknown",
      "device_id": "/dev/loop18",
      "bus_info": "Unknown",
      "capabilities": [
        "storage",
        "persistent"
      ],
      "driver": "squashfs",
      "status": "detected"
    },
    {
      "component_type": "disk",
      "name": "Disk /dev/loop20",
      "vendor": "Unknown",
      "device_id": "/dev/loop20",
      "bus_info": "Unknown",
      "capabilities": [
        "storage",
        "persistent"
      ],
      "driver": "squashfs",
      "status": "detected"
    },
    {
      "component_type": "disk",
      "name": "Disk /dev/loop21",
      "vendor": "Unknown",
      "device_id": "/dev/loop21",
      "bus_info": "Unknown",
      "capabilities": [
        "storage",
        "persistent"
      ],
      "driver": "squashfs",
      "status": "detected"
    },
    {
      "component_type": "disk",
      "name": "Disk /dev/loop22",
      "vendor": "Unknown",
      "device_id": "/dev/loop22",
      "bus_info": "Unknown",
      "capabilities": [
        "storage",
        "persistent"
      ],
      "driver": "squashfs",
      "status": "detected"
    },
    {
      "component_type": "disk",
      "name": "Disk /dev/loop24",
      "vendor": "Unknown",
      "device_id": "/dev/loop24",
      "bus_info": "Unknown",
      "capabilities": [
        "storage",
        "persistent"
      ],
      "driver": "squashfs",
      "status": "detected"
    },
    {
      "component_type": "disk",
      "name": "Disk /dev/loop25",
      "vendor": "Unknown",
      "device_id": "/dev/loop25",
      "bus_info": "Unknown",
      "capabilities": [
        "storage",
        "persistent"
      ],
      "driver": "squashfs",
      "status": "detected"
    },
    {
      "component_type": "disk",
      "name": "Disk /dev/loop23",
      "vendor": "Unknown",
      "device_id": "/dev/loop23",
      "bus_info": "Unknown",
      "capabilities": [
        "storage",
        "persistent"
      ],
      "driver": "squashfs",
      "status": "detected"
    },
    {
      "component_type": "disk",
      "name": "Disk /dev/loop26",
      "vendor": "Unknown",
      "device_id": "/dev/loop26",
      "bus_info": "Unknown",
      "capabilities": [
        "storage",
        "persistent"
      ],
      "driver": "squashfs",
      "status": "detected"
    },
    {
      "component_type": "disk",
      "name": "Disk /dev/loop27",
      "vendor": "Unknown",
      "device_id": "/dev/loop27",
      "bus_info": "Unknown",
      "capabilities": [
        "storage",
        "persistent"
      ],
      "driver": "squashfs",
      "status": "detected"
    },
    {
      "component_type": "disk",
      "name": "Disk /dev/loop28",
      "vendor": "Unknown",
      "device_id": "/dev/loop28",
      "bus_info": "Unknown",
      "capabilities": [
        "storage",
        "persistent"
      ],
      "driver": "squashfs",
      "status": "detected"
    },
    {
      "component_type": "disk",
      "name": "Disk /dev/loop29",
      "vendor": "Unknown",
      "device_id": "/dev/loop29",
      "bus_info": "Unknown",
      "capabilities": [
        "storage",
        "persistent"
      ],
      "driver": "squashfs",
      "status": "detected"
    },
    {
      "component_type": "disk",
      "name": "Disk /dev/loop30",
      "vendor": "Unknown",
      "device_id": "/dev/loop30",
      "bus_info": "Unknown",
      "capabilities": [
        "storage",
        "persistent"
      ],
      "driver": "squashfs",
      "status": "detected"
    },
    {
      "component_type": "disk",
      "name": "Disk /dev/loop31",
      "vendor": "Unknown",
      "device_id": "/dev/loop31",
      "bus_info": "Unknown",
      "capabilities": [
        "storage",
        "persistent"
      ],
      "driver": "squashfs",
      "status": "detected"
    },
    {
      "component_type": "disk",
      "name": "Disk /dev/loop32",
      "vendor": "Unknown",
      "device_id": "/dev/loop32",
      "bus_info": "Unknown",
      "capabilities": [
        "storage",
        "persistent"
      ],
      "driver": "squashfs",
      "status": "detected"
    },
    {
      "component_type": "disk",
      "name": "Disk /dev/loop33",
      "vendor": "Unknown",
      "device_id": "/dev/loop33",
      "bus_info": "Unknown",
      "capabilities": [
        "storage",
        "persistent"
      ],
      "driver": "squashfs",
      "status": "detected"
    },
    {
      "component_type": "disk",
      "name": "Disk /dev/loop34",
      "vendor": "Unknown",
      "device_id": "/dev/loop34",
      "bus_info": "Unknown",
      "capabilities": [
        "storage",
        "persistent"
      ],
      "driver": "squashfs",
      "status": "detected"
    },
    {
      "component_type": "disk",
      "name": "Disk /dev/loop35",
      "vendor": "Unknown",
      "device_id": "/dev/loop35",
      "bus_info": "Unknown",
      "capabilities": [
        "storage",
        "persistent"
      ],
      "driver": "squashfs",
      "status": "detected"
    },
    {
      "component_type": "disk",
      "name": "Disk /dev/loop36",
      "vendor": "Unknown",
      "device_id": "/dev/loop36",
      "bus_info": "Unknown",
      "capabilities": [
        "storage",
        "persistent"
      ],
      "driver": "squashfs",
      "status": "detected"
    },
    {
      "component_type": "disk",
      "name": "Disk /dev/loop37",
      "vendor": "Unknown",
      "device_id": "/dev/loop37",
      "bus_info": "Unknown",
      "capabilities": [
        "storage",
        "persistent"
      ],
      "driver": "squashfs",
      "status": "detected"
    },
    {
      "component_type": "disk",
      "name": "Disk /dev/loop38",
      "vendor": "Unknown",
      "device_id": "/dev/loop38",
      "bus_info": "Unknown",
      "capabilities": [
        "storage",
        "persistent"
      ],
      "driver": "squashfs",
      "status": "detected"
    },
    {
      "component_type": "disk",
      "name": "Disk /dev/nvme0n1p8",
      "vendor": "Unknown",
      "device_id": "/dev/nvme0n1p8",
      "bus_info": "Unknown",
      "capabilities": [
        "storage",
        "persistent"
      ],
      "driver": "ext4",
      "status": "detected"
    },
    {
      "component_type": "disk",
      "name": "Disk /dev/nvme0n1p1",
      "vendor": "Unknown",
      "device_id": "/dev/nvme0n1p1",
      "bus_info": "Unknown",
      "capabilities": [
        "storage",
        "persistent"
      ],
      "driver": "vfat",
      "status": "detected"
    },
    {
      "component_type": "disk",
      "name": "Disk /dev/loop39",
      "vendor": "Unknown",
      "device_id": "/dev/loop39",
      "bus_info": "Unknown",
      "capabilities": [
        "storage",
        "persistent"
      ],
      "driver": "squashfs",
      "status": "detected"
    },
    {
      "component_type": "pci",
      "name": "Host bridge",
      "vendor": "Intel Corporation",
      "device_id": "Device 7d1c",
      "bus_info": "00:00.0",
      "capabilities": [],
      "driver": "Unknown",
      "status": "detected"
    },
    {
      "component_type": "pci",
      "name": "PCI bridge",
      "vendor": "Intel Corporation",
      "device_id": "Device 7ecc",
      "bus_info": "00:01.0",
      "capabilities": [],
      "driver": "Unknown",
      "status": "detected"
    },
    {
      "component_type": "pci",
      "name": "VGA compatible controller",
      "vendor": "Intel Corporation",
      "device_id": "Arrow Lake-U [Intel Graphics]",
      "bus_info": "00:02.0",
      "capabilities": [],
      "driver": "Unknown",
      "status": "detected"
    },
    {
      "component_type": "pci",
      "name": "Signal processing controller",
      "vendor": "Intel Corporation",
      "device_id": "Device ad03",
      "bus_info": "00:04.0",
      "capabilities": [],
      "driver": "Unknown",
      "status": "detected"
    },
    {
      "component_type": "pci",
      "name": "PCI bridge",
      "vendor": "Intel Corporation",
      "device_id": "Device ae4d",
      "bus_info": "00:06.0",
      "capabilities": [],
      "driver": "Unknown",
      "status": "detected"
    },
    {
      "component_type": "pci",
      "name": "PCI bridge",
      "vendor": "Intel Corporation",
      "device_id": "Device 7eca",
      "bus_info": "00:06.1",
      "capabilities": [],
      "driver": "Unknown",
      "status": "detected"
    },
    {
      "component_type": "pci",
      "name": "System peripheral",
      "vendor": "Intel Corporation",
      "device_id": "Device ae4c",
      "bus_info": "00:08.0",
      "capabilities": [],
      "driver": "Unknown",
      "status": "detected"
    },
    {
      "component_type": "pci",
      "name": "Signal processing controller",
      "vendor": "Intel Corporation",
      "device_id": "Device ad0d",
      "bus_info": "00:0a.0",
      "capabilities": [],
      "driver": "Unknown",
      "status": "detected"
    },
    {
      "component_type": "pci",
      "name": "Processing accelerators",
      "vendor": "Intel Corporation",
      "device_id": "Arrow Lake NPU",
      "bus_info": "00:0b.0",
      "capabilities": [],
      "driver": "Unknown",
      "status": "detected"
    },
    {
      "component_type": "pci",
      "name": "RAM memory",
      "vendor": "Intel Corporation",
      "device_id": "Device ae7f",
      "bus_info": "00:14.0",
      "capabilities": [],
      "driver": "Unknown",
      "status": "detected"
    },
    {
      "component_type": "pci",
      "name": "ISA bridge",
      "vendor": "Intel Corporation",
      "device_id": "Device ae10",
      "bus_info": "00:1f.0",
      "capabilities": [],
      "driver": "Unknown",
      "status": "detected"
    },
    {
      "component_type": "pci",
      "name": "Serial bus controller",
      "vendor": "Intel Corporation",
      "device_id": "Device ae23",
      "bus_info": "00:1f.5",
      "capabilities": [],
      "driver": "Unknown",
      "status": "detected"
    },
    {
      "component_type": "pci",
      "name": "Non-Volatile memory controller",
      "vendor": "Sandisk Corp",
      "device_id": "Device 5049",
      "bus_info": "01:00.0",
      "capabilities": [],
      "driver": "Unknown",
      "status": "detected"
    },
    {
      "component_type": "pci",
      "name": "VGA compatible controller",
      "vendor": "NVIDIA Corporation",
      "device_id": "Device 2c58",
      "bus_info": "02:00.0",
      "capabilities": [],
      "driver": "Unknown",
      "status": "detected"
    },
    {
      "component_type": "pci",
      "name": "Audio device",
      "vendor": "NVIDIA Corporation",
      "device_id": "Device 22e9",
      "bus_info": "02:00.1",
      "capabilities": [],
      "driver": "Unknown",
      "status": "detected"
    },
    {
      "component_type": "pci",
      "name": "PCI bridge",
      "vendor": "Intel Corporation",
      "device_id": "Thunderbolt 80/120G Bridge [Barlow Ridge Host 80G 2023]",
      "bus_info": "03:00.0",
      "capabilities": [],
      "driver": "Unknown",
      "status": "detected"
    },
    {
      "component_type": "pci",
      "name": "PCI bridge",
      "vendor": "Intel Corporation",
      "device_id": "Thunderbolt 80/120G Bridge [Barlow Ridge Host 80G 2023]",
      "bus_info": "04:00.0",
      "capabilities": [],
      "driver": "Unknown",
      "status": "detected"
    },
    {
      "component_type": "pci",
      "name": "PCI bridge",
      "vendor": "Intel Corporation",
      "device_id": "Thunderbolt 80/120G Bridge [Barlow Ridge Host 80G 2023]",
      "bus_info": "04:01.0",
      "capabilities": [],
      "driver": "Unknown",
      "status": "detected"
    },
    {
      "component_type": "pci",
      "name": "PCI bridge",
      "vendor": "Intel Corporation",
      "device_id": "Thunderbolt 80/120G Bridge [Barlow Ridge Host 80G 2023]",
      "bus_info": "04:02.0",
      "capabilities": [],
      "driver": "Unknown",
      "status": "detected"
    },
    {
      "component_type": "pci",
      "name": "PCI bridge",
      "vendor": "Intel Corporation",
      "device_id": "Thunderbolt 80/120G Bridge [Barlow Ridge Host 80G 2023]",
      "bus_info": "04:03.0",
      "capabilities": [],
      "driver": "Unknown",
      "status": "detected"
    },
    {
      "component_type": "pci",
      "name": "USB controller",
      "vendor": "Intel Corporation",
      "device_id": "Thunderbolt 80/120G NHI [Barlow Ridge Host 80G 2023]",
      "bus_info": "05:00.0",
      "capabilities": [],
      "driver": "Unknown",
      "status": "detected"
    },
    {
      "component_type": "pci",
      "name": "USB controller",
      "vendor": "Intel Corporation",
      "device_id": "Thunderbolt 80/120G USB Controller [Barlow Ridge Host 80G 2023]",
      "bus_info": "3b:00.0",
      "capabilities": [],
      "driver": "Unknown",
      "status": "detected"
    },
    {
      "component_type": "pci",
      "name": "Serial controller",
      "vendor": "Intel Corporation",
      "device_id": "Device 7f78",
      "bus_info": "80:12.0",
      "capabilities": [],
      "driver": "Unknown",
      "status": "detected"
    },
    {
      "component_type": "pci",
      "name": "USB controller",
      "vendor": "Intel Corporation",
      "device_id": "Device 7f6e",
      "bus_info": "80:14.0",
      "capabilities": [],
      "driver": "Unknown",
      "status": "detected"
    },
    {
      "component_type": "pci",
      "name": "Non-VGA unclassified device",
      "vendor": "Intel Corporation",
      "device_id": "Device 7f2f",
      "bus_info": "80:14.5",
      "capabilities": [],
      "driver": "Unknown",
      "status": "detected"
    },
    {
      "component_type": "pci",
      "name": "Serial bus controller",
      "vendor": "Intel Corporation",
      "device_id": "Device 7f4c",
      "bus_info": "80:15.0",
      "capabilities": [],
      "driver": "Unknown",
      "status": "detected"
    },
    {
      "component_type": "pci",
      "name": "Serial bus controller",
      "vendor": "Intel Corporation",
      "device_id": "Device 7f4f",
      "bus_info": "80:15.3",
      "capabilities": [],
      "driver": "Unknown",
      "status": "detected"
    },
    {
      "component_type": "pci",
      "name": "Communication controller",
      "vendor": "Intel Corporation",
      "device_id": "Device 7f68",
      "bus_info": "80:16.0",
      "capabilities": [],
      "driver": "Unknown",
      "status": "detected"
    },
    {
      "component_type": "pci",
      "name": "Serial bus controller",
      "vendor": "Intel Corporation",
      "device_id": "Device 7f7a",
      "bus_info": "80:19.0",
      "capabilities": [],
      "driver": "Unknown",
      "status": "detected"
    },
    {
      "component_type": "pci",
      "name": "PCI bridge",
      "vendor": "Intel Corporation",
      "device_id": "Device 7f3c",
      "bus_info": "80:1c.0",
      "capabilities": [],
      "driver": "Unknown",
      "status": "detected"
    },
    {
      "component_type": "pci",
      "name": "PCI bridge",
      "vendor": "Intel Corporation",
      "device_id": "Device 7f3d",
      "bus_info": "80:1c.5",
      "capabilities": [],
      "driver": "Unknown",
      "status": "detected"
    },
    {
      "component_type": "pci",
      "name": "PCI bridge",
      "vendor": "Intel Corporation",
      "device_id": "Device 7f3e",
      "bus_info": "80:1c.6",
      "capabilities": [],
      "driver": "Unknown",
      "status": "detected"
    },
    {
      "component_type": "pci",
      "name": "Communication controller",
      "vendor": "Intel Corporation",
      "device_id": "Device 7f28",
      "bus_info": "80:1e.0",
      "capabilities": [],
      "driver": "Unknown",
      "status": "detected"
    },
    {
      "component_type": "pci",
      "name": "Serial bus controller",
      "vendor": "Intel Corporation",
      "device_id": "Device 7f2a",
      "bus_info": "80:1e.2",
      "capabilities": [],
      "driver": "Unknown",
      "status": "detected"
    },
    {
      "component_type": "pci",
      "name": "ISA bridge",
      "vendor": "Intel Corporation",
      "device_id": "Device 7f0c",
      "bus_info": "80:1f.0",
      "capabilities": [],
      "driver": "Unknown",
      "status": "detected"
    },
    {
      "component_type": "pci",
      "name": "Multimedia audio controller",
      "vendor": "Intel Corporation",
      "device_id": "Device 7f50",
      "bus_info": "80:1f.3",
      "capabilities": [],
      "driver": "Unknown",
      "status": "detected"
    },
    {
      "component_type": "pci",
      "name": "SMBus",
      "vendor": "Intel Corporation",
      "device_id": "Device 7f23",
      "bus_info": "80:1f.4",
      "capabilities": [],
      "driver": "Unknown",
      "status": "detected"
    },
    {
      "component_type": "pci",
      "name": "Serial bus controller",
      "vendor": "Intel Corporation",
      "device_id": "Device 7f24",
      "bus_info": "80:1f.5",
      "capabilities": [],
      "driver": "Unknown",
      "status": "detected"
    },
    {
      "component_type": "pci",
      "name": "Unassigned class [ff00]",
      "vendor": "Realtek Semiconductor Co., Ltd.",
      "device_id": "RTS525A PCI Express Card Reader",
      "bus_info": "81:00.0",
      "capabilities": [],
      "driver": "Unknown",
      "status": "detected"
    },
    {
      "component_type": "pci",
      "name": "Network controller",
      "vendor": "Intel Corporation",
      "device_id": "Wi-Fi 7(802.11be) AX1775*/AX1790*/BE20*/BE401/BE1750* 2x2",
      "bus_info": "83:00.0",
      "capabilities": [],
      "driver": "Unknown",
      "status": "detected"
    },
    {
      "component_type": "usb",
      "name": "Linux Foundation 2.0 root hub",
      "vendor": "USB Vendor 1d6b",
      "device_id": "1d6b:0002",
      "bus_info": "001-001:",
      "capabilities": [],
      "driver": "Unknown",
      "status": "detected"
    },
    {
      "component_type": "usb",
      "name": "Linux Foundation 3.0 root hub",
      "vendor": "USB Vendor 1d6b",
      "device_id": "1d6b:0003",
      "bus_info": "002-001:",
      "capabilities": [],
      "driver": "Unknown",
      "status": "detected"
    },
    {
      "component_type": "usb",
      "name": "Linux Foundation 2.0 root hub",
      "vendor": "USB Vendor 1d6b",
      "device_id": "1d6b:0002",
      "bus_info": "003-001:",
      "capabilities": [],
      "driver": "Unknown",
      "status": "detected"
    },
    {
      "component_type": "usb",
      "name": "Alienware Corporation AW-ELC",
      "vendor": "USB Vendor 187c",
      "device_id": "187c:0551",
      "bus_info": "003-002:",
      "capabilities": [],
      "driver": "Unknown",
      "status": "detected"
    },
    {
      "component_type": "usb",
      "name": "Realtek Semiconductor Corp. Integrated_Webcam_FHD",
      "vendor": "USB Vendor 0bda",
      "device_id": "0bda:5591",
      "bus_info": "003-003:",
      "capabilities": [],
      "driver": "Unknown",
      "status": "detected"
    },
    {
      "component_type": "usb",
      "name": "Darfon Electronics Corp. Keyboard",
      "vendor": "USB Vendor 0d62",
      "device_id": "0d62:6abc",
      "bus_info": "003-004:",
      "capabilities": [],
      "driver": "Unknown",
      "status": "detected"
    },
    {
      "component_type": "usb",
      "name": "Pixart Imaging, Inc. Optical Mouse",
      "vendor": "USB Vendor 093a",
      "device_id": "093a:2510",
      "bus_info": "003-005:",
      "capabilities": [],
      "driver": "Unknown",
      "status": "detected"
    },
    {
      "component_type": "usb",
      "name": "Intel Corp.",
      "vendor": "USB Vendor 8087",
      "device_id": "8087:0036",
      "bus_info": "003-006:",
      "capabilities": [],
      "driver": "Unknown",
      "status": "detected"
    },
    {
      "component_type": "usb",
      "name": "Jieli Technology USB Composite Device",
      "vendor": "USB Vendor 4c4a",
      "device_id": "4c4a:4155",
      "bus_info": "003-008:",
      "capabilities": [],
      "driver": "Unknown",
      "status": "detected"
    },
    {
      "component_type": "usb",
      "name": "Linux Foundation 3.0 root hub",
      "vendor": "USB Vendor 1d6b",
      "device_id": "1d6b:0003",
      "bus_info": "004-001:",
      "capabilities": [],
      "driver": "Unknown",
      "status": "detected"
    },
    {
      "component_type": "usb",
      "name": "ASIX Electronics Corp. AX88179 Gigabit Ethernet",
      "vendor": "USB Vendor 0b95",
      "device_id": "0b95:1790",
      "bus_info": "004-002:",
      "capabilities": [],
      "driver": "Unknown",
      "status": "detected"
    },
    {
      "component_type": "network",
      "name": "lo",
      "vendor": "Unknown",
      "device_id": "lo",
      "bus_info": "Unknown",
      "capabilities": [
        "networking"
      ],
      "driver": "Unknown",
      "status": "detected"
    },
    {
      "component_type": "network",
      "name": "enx6c6e07130e57",
      "vendor": "Unknown",
      "device_id": "enx6c6e07130e57",
      "bus_info": "Unknown",
      "capabilities": [
        "networking"
      ],
      "driver": "Unknown",
      "status": "detected"
    },
    {
      "component_type": "network",
      "name": "wlp131s0f0",
      "vendor": "Unknown",
      "device_id": "wlp131s0f0",
      "bus_info": "Unknown",
      "capabilities": [
        "networking"
      ],
      "driver": "Unknown",
      "status": "detected"
    },
    {
      "component_type": "network",
      "name": "docker0",
      "vendor": "Unknown",
      "device_id": "docker0",
      "bus_info": "Unknown",
      "capabilities": [
        "networking"
      ],
      "driver": "Unknown",
      "status": "detected"
    },
    {
      "component_type": "cpu",
      "name": "Intel(R) Core(TM) Ultra 9 275HX",
      "vendor": "GenuineIntel",
      "device_id": "Unknown",
      "bus_info": "Unknown",
      "capabilities": [
        "processing",
        "multicore"
      ],
      "driver": "Unknown",
      "status": "detected"
    },
    {
      "component_type": "memory",
      "name": "System Memory",
      "vendor": "System",
      "device_id": "65279264KB",
      "bus_info": "Unknown",
      "capabilities": [
        "volatile_storage"
      ],
      "driver": "Unknown",
      "status": "detected"
    },
    {
      "component_type": "memory",
      "name": "System Memory",
      "vendor": "System",
      "device_id": "66845966336 bytes",
      "bus_info": "Unknown",
      "capabilities": [
        "volatile_storage"
      ],
      "driver": "Unknown",
      "status": "detected"
    },
    {
      "component_type": "disk",
      "name": "Disk /dev/nvme0n1p3",
      "vendor": "Unknown",
      "device_id": "/dev/nvme0n1p3",
      "bus_info": "Unknown",
      "capabilities": [
        "storage",
        "persistent"
      ],
      "driver": "ext4",
      "status": "detected"
    },
    {
      "component_type": "disk",
      "name": "Disk /dev/loop0",
      "vendor": "Unknown",
      "device_id": "/dev/loop0",
      "bus_info": "Unknown",
      "capabilities": [
        "storage",
        "persistent"
      ],
      "driver": "squashfs",
      "status": "detected"
    },
    {
      "component_type": "disk",
      "name": "Disk /dev/loop1",
      "vendor": "Unknown",
      "device_id": "/dev/loop1",
      "bus_info": "Unknown",
      "capabilities": [
        "storage",
        "persistent"
      ],
      "driver": "squashfs",
      "status": "detected"
    },
    {
      "component_type": "disk",
      "name": "Disk /dev/loop2",
      "vendor": "Unknown",
      "device_id": "/dev/loop2",
      "bus_info": "Unknown",
      "capabilities": [
        "storage",
        "persistent"
      ],
      "driver": "squashfs",
      "status": "detected"
    },
    {
      "component_type": "disk",
      "name": "Disk /dev/loop3",
      "vendor": "Unknown",
      "device_id": "/dev/loop3",
      "bus_info": "Unknown",
      "capabilities": [
        "storage",
        "persistent"
      ],
      "driver": "squashfs",
      "status": "detected"
    },
    {
      "component_type": "disk",
      "name": "Disk /dev/loop4",
      "vendor": "Unknown",
      "device_id": "/dev/loop4",
      "bus_info": "Unknown",
      "capabilities": [
        "storage",
        "persistent"
      ],
      "driver": "squashfs",
      "status": "detected"
    },
    {
      "component_type": "disk",
      "name": "Disk /dev/loop5",
      "vendor": "Unknown",
      "device_id": "/dev/loop5",
      "bus_info": "Unknown",
      "capabilities": [
        "storage",
        "persistent"
      ],
      "driver": "squashfs",
      "status": "detected"
    },
    {
      "component_type": "disk",
      "name": "Disk /dev/loop6",
      "vendor": "Unknown",
      "device_id": "/dev/loop6",
      "bus_info": "Unknown",
      "capabilities": [
        "storage",
        "persistent"
      ],
      "driver": "squashfs",
      "status": "detected"
    },
    {
      "component_type": "disk",
      "name": "Disk /dev/loop7",
      "vendor": "Unknown",
      "device_id": "/dev/loop7",
      "bus_info": "Unknown",
      "capabilities": [
        "storage",
        "persistent"
      ],
      "driver": "squashfs",
      "status": "detected"
    },
    {
      "component_type": "disk",
      "name": "Disk /dev/loop8",
      "vendor": "Unknown",
      "device_id": "/dev/loop8",
      "bus_info": "Unknown",
      "capabilities": [
        "storage",
        "persistent"
      ],
      "driver": "squashfs",
      "status": "detected"
    },
    {
      "component_type": "disk",
      "name": "Disk /dev/loop9",
      "vendor": "Unknown",
      "device_id": "/dev/loop9",
      "bus_info": "Unknown",
      "capabilities": [
        "storage",
        "persistent"
      ],
      "driver": "squashfs",
      "status": "detected"
    },
    {
      "component_type": "disk",
      "name": "Disk /dev/loop10",
      "vendor": "Unknown",
      "device_id": "/dev/loop10",
      "bus_info": "Unknown",
      "capabilities": [
        "storage",
        "persistent"
      ],
      "driver": "squashfs",
      "status": "detected"
    },
    {
      "component_type": "disk",
      "name": "Disk /dev/loop11",
      "vendor": "Unknown",
      "device_id": "/dev/loop11",
      "bus_info": "Unknown",
      "capabilities": [
        "storage",
        "persistent"
      ],
      "driver": "squashfs",
      "status": "detected"
    },
    {
      "component_type": "disk",
      "name": "Disk /dev/loop12",
      "vendor": "Unknown",
      "device_id": "/dev/loop12",
      "bus_info": "Unknown",
      "capabilities": [
        "storage",
        "persistent"
      ],
      "driver": "squashfs",
      "status": "detected"
    },
    {
      "component_type": "disk",
      "name": "Disk /dev/loop13",
      "vendor": "Unknown",
      "device_id": "/dev/loop13",
      "bus_info": "Unknown",
      "capabilities": [
        "storage",
        "persistent"
      ],
      "driver": "squashfs",
      "status": "detected"
    },
    {
      "component_type": "disk",
      "name": "Disk /dev/loop14",
      "vendor": "Unknown",
      "device_id": "/dev/loop14",
      "bus_info": "Unknown",
      "capabilities": [
        "storage",
        "persistent"
      ],
      "driver": "squashfs",
      "status": "detected"
    },
    {
      "component_type": "disk",
      "name": "Disk /dev/loop15",
      "vendor": "Unknown",
      "device_id": "/dev/loop15",
      "bus_info": "Unknown",
      "capabilities": [
        "storage",
        "persistent"
      ],
      "driver": "squashfs",
      "status": "detected"
    },
    {
      "component_type": "disk",
      "name": "Disk /dev/loop16",
      "vendor": "Unknown",
      "device_id": "/dev/loop16",
      "bus_info": "Unknown",
      "capabilities": [
        "storage",
        "persistent"
      ],
      "driver": "squashfs",
      "status": "detected"
    },
    {
      "component_type": "disk",
      "name": "Disk /dev/loop17",
      "vendor": "Unknown",
      "device_id": "/dev/loop17",
      "bus_info": "Unknown",
      "capabilities": [
        "storage",
        "persistent"
      ],
      "driver": "squashfs",
      "status": "detected"
    },
    {
      "component_type": "disk",
      "name": "Disk /dev/loop19",
      "vendor": "Unknown",
      "device_id": "/dev/loop19",
      "bus_info": "Unknown",
      "capabilities": [
        "storage",
        "persistent"
      ],
      "driver": "squashfs",
      "status": "detected"
    },
    {
      "component_type": "disk",
      "name": "Disk /dev/loop18",
      "vendor": "Unknown",
      "device_id": "/dev/loop18",
      "bus_info": "Unknown",
      "capabilities": [
        "storage",
        "persistent"
      ],
      "driver": "squashfs",
      "status": "detected"
    },
    {
      "component_type": "disk",
      "name": "Disk /dev/loop20",
      "vendor": "Unknown",
      "device_id": "/dev/loop20",
      "bus_info": "Unknown",
      "capabilities": [
        "storage",
        "persistent"
      ],
      "driver": "squashfs",
      "status": "detected"
    },
    {
      "component_type": "disk",
      "name": "Disk /dev/loop21",
      "vendor": "Unknown",
      "device_id": "/dev/loop21",
      "bus_info": "Unknown",
      "capabilities": [
        "storage",
        "persistent"
      ],
      "driver": "squashfs",
      "status": "detected"
    },
    {
      "component_type": "disk",
      "name": "Disk /dev/loop22",
      "vendor": "Unknown",
      "device_id": "/dev/loop22",
      "bus_info": "Unknown",
      "capabilities": [
        "storage",
        "persistent"
      ],
      "driver": "squashfs",
      "status": "detected"
    },
    {
      "component_type": "disk",
      "name": "Disk /dev/loop24",
      "vendor": "Unknown",
      "device_id": "/dev/loop24",
      "bus_info": "Unknown",
      "capabilities": [
        "storage",
        "persistent"
      ],
      "driver": "squashfs",
      "status": "detected"
    },
    {
      "component_type": "disk",
      "name": "Disk /dev/loop25",
      "vendor": "Unknown",
      "device_id": "/dev/loop25",
      "bus_info": "Unknown",
      "capabilities": [
        "storage",
        "persistent"
      ],
      "driver": "squashfs",
      "status": "detected"
    },
    {
      "component_type": "disk",
      "name": "Disk /dev/loop23",
      "vendor": "Unknown",
      "device_id": "/dev/loop23",
      "bus_info": "Unknown",
      "capabilities": [
        "storage",
        "persistent"
      ],
      "driver": "squashfs",
      "status": "detected"
    },
    {
      "component_type": "disk",
      "name": "Disk /dev/loop26",
      "vendor": "Unknown",
      "device_id": "/dev/loop26",
      "bus_info": "Unknown",
      "capabilities": [
        "storage",
        "persistent"
      ],
      "driver": "squashfs",
      "status": "detected"
    },
    {
      "component_type": "disk",
      "name": "Disk /dev/loop27",
      "vendor": "Unknown",
      "device_id": "/dev/loop27",
      "bus_info": "Unknown",
      "capabilities": [
        "storage",
        "persistent"
      ],
      "driver": "squashfs",
      "status": "detected"
    },
    {
      "component_type": "disk",
      "name": "Disk /dev/loop28",
      "vendor": "Unknown",
      "device_id": "/dev/loop28",
      "bus_info": "Unknown",
      "capabilities": [
        "storage",
        "persistent"
      ],
      "driver": "squashfs",
      "status": "detected"
    },
    {
      "component_type": "disk",
      "name": "Disk /dev/loop29",
      "vendor": "Unknown",
      "device_id": "/dev/loop29",
      "bus_info": "Unknown",
      "capabilities": [
        "storage",
        "persistent"
      ],
      "driver": "squashfs",
      "status": "detected"
    },
    {
      "component_type": "disk",
      "name": "Disk /dev/loop30",
      "vendor": "Unknown",
      "device_id": "/dev/loop30",
      "bus_info": "Unknown",
      "capabilities": [
        "storage",
        "persistent"
      ],
      "driver": "squashfs",
      "status": "detected"
    },
    {
      "component_type": "disk",
      "name": "Disk /dev/loop31",
      "vendor": "Unknown",
      "device_id": "/dev/loop31",
      "bus_info": "Unknown",
      "capabilities": [
        "storage",
        "persistent"
      ],
      "driver": "squashfs",
      "status": "detected"
    },
    {
      "component_type": "disk",
      "name": "Disk /dev/loop32",
      "vendor": "Unknown",
      "device_id": "/dev/loop32",
      "bus_info": "Unknown",
      "capabilities": [
        "storage",
        "persistent"
      ],
      "driver": "squashfs",
      "status": "detected"
    },
    {
      "component_type": "disk",
      "name": "Disk /dev/loop33",
      "vendor": "Unknown",
      "device_id": "/dev/loop33",
      "bus_info": "Unknown",
      "capabilities": [
        "storage",
        "persistent"
      ],
      "driver": "squashfs",
      "status": "detected"
    },
    {
      "component_type": "disk",
      "name": "Disk /dev/loop34",
      "vendor": "Unknown",
      "device_id": "/dev/loop34",
      "bus_info": "Unknown",
      "capabilities": [
        "storage",
        "persistent"
      ],
      "driver": "squashfs",
      "status": "detected"
    },
    {
      "component_type": "disk",
      "name": "Disk /dev/loop35",
      "vendor": "Unknown",
      "device_id": "/dev/loop35",
      "bus_info": "Unknown",
      "capabilities": [
        "storage",
        "persistent"
      ],
      "driver": "squashfs",
      "status": "detected"
    },
    {
      "component_type": "disk",
      "name": "Disk /dev/loop36",
      "vendor": "Unknown",
      "device_id": "/dev/loop36",
      "bus_info": "Unknown",
      "capabilities": [
        "storage",
        "persistent"
      ],
      "driver": "squashfs",
      "status": "detected"
    },
    {
      "component_type": "disk",
      "name": "Disk /dev/loop37",
      "vendor": "Unknown",
      "device_id": "/dev/loop37",
      "bus_info": "Unknown",
      "capabilities": [
        "storage",
        "persistent"
      ],
      "driver": "squashfs",
      "status": "detected"
    },
    {
      "component_type": "disk",
      "name": "Disk /dev/loop38",
      "vendor": "Unknown",
      "device_id": "/dev/loop38",
      "bus_info": "Unknown",
      "capabilities": [
        "storage",
        "persistent"
      ],
      "driver": "squashfs",
      "status": "detected"
    },
    {
      "component_type": "disk",
      "name": "Disk /dev/nvme0n1p8",
      "vendor": "Unknown",
      "device_id": "/dev/nvme0n1p8",
      "bus_info": "Unknown",
      "capabilities": [
        "storage",
        "persistent"
      ],
      "driver": "ext4",
      "status": "detected"
    },
    {
      "component_type": "disk",
      "name": "Disk /dev/nvme0n1p1",
      "vendor": "Unknown",
      "device_id": "/dev/nvme0n1p1",
      "bus_info": "Unknown",
      "capabilities": [
        "storage",
        "persistent"
      ],
      "driver": "vfat",
      "status": "detected"
    },
    {
      "component_type": "disk",
      "name": "Disk /dev/loop39",
      "vendor": "Unknown",
      "device_id": "/dev/loop39",
      "bus_info": "Unknown",
      "capabilities": [
        "storage",
        "persistent"
      ],
      "driver": "squashfs",
      "status": "detected"
    },
    {
      "component_type": "pci",
      "name": "Host bridge",
      "vendor": "Intel Corporation",
      "device_id": "Device 7d1c",
      "bus_info": "00:00.0",
      "capabilities": [],
      "driver": "Unknown",
      "status": "detected"
    },
    {
      "component_type": "pci",
      "name": "PCI bridge",
      "vendor": "Intel Corporation",
      "device_id": "Device 7ecc",
      "bus_info": "00:01.0",
      "capabilities": [],
      "driver": "Unknown",
      "status": "detected"
    },
    {
      "component_type": "pci",
      "name": "VGA compatible controller",
      "vendor": "Intel Corporation",
      "device_id": "Arrow Lake-U [Intel Graphics]",
      "bus_info": "00:02.0",
      "capabilities": [],
      "driver": "Unknown",
      "status": "detected"
    },
    {
      "component_type": "pci",
      "name": "Signal processing controller",
      "vendor": "Intel Corporation",
      "device_id": "Device ad03",
      "bus_info": "00:04.0",
      "capabilities": [],
      "driver": "Unknown",
      "status": "detected"
    },
    {
      "component_type": "pci",
      "name": "PCI bridge",
      "vendor": "Intel Corporation",
      "device_id": "Device ae4d",
      "bus_info": "00:06.0",
      "capabilities": [],
      "driver": "Unknown",
      "status": "detected"
    },
    {
      "component_type": "pci",
      "name": "PCI bridge",
      "vendor": "Intel Corporation",
      "device_id": "Device 7eca",
      "bus_info": "00:06.1",
      "capabilities": [],
      "driver": "Unknown",
      "status": "detected"
    },
    {
      "component_type": "pci",
      "name": "System peripheral",
      "vendor": "Intel Corporation",
      "device_id": "Device ae4c",
      "bus_info": "00:08.0",
      "capabilities": [],
      "driver": "Unknown",
      "status": "detected"
    },
    {
      "component_type": "pci",
      "name": "Signal processing controller",
      "vendor": "Intel Corporation",
      "device_id": "Device ad0d",
      "bus_info": "00:0a.0",
      "capabilities": [],
      "driver": "Unknown",
      "status": "detected"
    },
    {
      "component_type": "pci",
      "name": "Processing accelerators",
      "vendor": "Intel Corporation",
      "device_id": "Arrow Lake NPU",
      "bus_info": "00:0b.0",
      "capabilities": [],
      "driver": "Unknown",
      "status": "detected"
    },
    {
      "component_type": "pci",
      "name": "RAM memory",
      "vendor": "Intel Corporation",
      "device_id": "Device ae7f",
      "bus_info": "00:14.0",
      "capabilities": [],
      "driver": "Unknown",
      "status": "detected"
    },
    {
      "component_type": "pci",
      "name": "ISA bridge",
      "vendor": "Intel Corporation",
      "device_id": "Device ae10",
      "bus_info": "00:1f.0",
      "capabilities": [],
      "driver": "Unknown",
      "status": "detected"
    },
    {
      "component_type": "pci",
      "name": "Serial bus controller",
      "vendor": "Intel Corporation",
      "device_id": "Device ae23",
      "bus_info": "00:1f.5",
      "capabilities": [],
      "driver": "Unknown",
      "status": "detected"
    },
    {
      "component_type": "pci",
      "name": "Non-Volatile memory controller",
      "vendor": "Sandisk Corp",
      "device_id": "Device 5049",
      "bus_info": "01:00.0",
      "capabilities": [],
      "driver": "Unknown",
      "status": "detected"
    },
    {
      "component_type": "pci",
      "name": "VGA compatible controller",
      "vendor": "NVIDIA Corporation",
      "device_id": "Device 2c58",
      "bus_info": "02:00.0",
      "capabilities": [],
      "driver": "Unknown",
      "status": "detected"
    },
    {
      "component_type": "pci",
      "name": "Audio device",
      "vendor": "NVIDIA Corporation",
      "device_id": "Device 22e9",
      "bus_info": "02:00.1",
      "capabilities": [],
      "driver": "Unknown",
      "status": "detected"
    },
    {
      "component_type": "pci",
      "name": "PCI bridge",
      "vendor": "Intel Corporation",
      "device_id": "Thunderbolt 80/120G Bridge [Barlow Ridge Host 80G 2023]",
      "bus_info": "03:00.0",
      "capabilities": [],
      "driver": "Unknown",
      "status": "detected"
    },
    {
      "component_type": "pci",
      "name": "PCI bridge",
      "vendor": "Intel Corporation",
      "device_id": "Thunderbolt 80/120G Bridge [Barlow Ridge Host 80G 2023]",
      "bus_info": "04:00.0",
      "capabilities": [],
      "driver": "Unknown",
      "status": "detected"
    },
    {
      "component_type": "pci",
      "name": "PCI bridge",
      "vendor": "Intel Corporation",
      "device_id": "Thunderbolt 80/120G Bridge [Barlow Ridge Host 80G 2023]",
      "bus_info": "04:01.0",
      "capabilities": [],
      "driver": "Unknown",
      "status": "detected"
    },
    {
      "component_type": "pci",
      "name": "PCI bridge",
      "vendor": "Intel Corporation",
      "device_id": "Thunderbolt 80/120G Bridge [Barlow Ridge Host 80G 2023]",
      "bus_info": "04:02.0",
      "capabilities": [],
      "driver": "Unknown",
      "status": "detected"
    },
    {
      "component_type": "pci",
      "name": "PCI bridge",
      "vendor": "Intel Corporation",
      "device_id": "Thunderbolt 80/120G Bridge [Barlow Ridge Host 80G 2023]",
      "bus_info": "04:03.0",
      "capabilities": [],
      "driver": "Unknown",
      "status": "detected"
    },
    {
      "component_type": "pci",
      "name": "USB controller",
      "vendor": "Intel Corporation",
      "device_id": "Thunderbolt 80/120G NHI [Barlow Ridge Host 80G 2023]",
      "bus_info": "05:00.0",
      "capabilities": [],
      "driver": "Unknown",
      "status": "detected"
    },
    {
      "component_type": "pci",
      "name": "USB controller",
      "vendor": "Intel Corporation",
      "device_id": "Thunderbolt 80/120G USB Controller [Barlow Ridge Host 80G 2023]",
      "bus_info": "3b:00.0",
      "capabilities": [],
      "driver": "Unknown",
      "status": "detected"
    },
    {
      "component_type": "pci",
      "name": "Serial controller",
      "vendor": "Intel Corporation",
      "device_id": "Device 7f78",
      "bus_info": "80:12.0",
      "capabilities": [],
      "driver": "Unknown",
      "status": "detected"
    },
    {
      "component_type": "pci",
      "name": "USB controller",
      "vendor": "Intel Corporation",
      "device_id": "Device 7f6e",
      "bus_info": "80:14.0",
      "capabilities": [],
      "driver": "Unknown",
      "status": "detected"
    },
    {
      "component_type": "pci",
      "name": "Non-VGA unclassified device",
      "vendor": "Intel Corporation",
      "device_id": "Device 7f2f",
      "bus_info": "80:14.5",
      "capabilities": [],
      "driver": "Unknown",
      "status": "detected"
    },
    {
      "component_type": "pci",
      "name": "Serial bus controller",
      "vendor": "Intel Corporation",
      "device_id": "Device 7f4c",
      "bus_info": "80:15.0",
      "capabilities": [],
      "driver": "Unknown",
      "status": "detected"
    },
    {
      "component_type": "pci",
      "name": "Serial bus controller",
      "vendor": "Intel Corporation",
      "device_id": "Device 7f4f",
      "bus_info": "80:15.3",
      "capabilities": [],
      "driver": "Unknown",
      "status": "detected"
    },
    {
      "component_type": "pci",
      "name": "Communication controller",
      "vendor": "Intel Corporation",
      "device_id": "Device 7f68",
      "bus_info": "80:16.0",
      "capabilities": [],
      "driver": "Unknown",
      "status": "detected"
    },
    {
      "component_type": "pci",
      "name": "Serial bus controller",
      "vendor": "Intel Corporation",
      "device_id": "Device 7f7a",
      "bus_info": "80:19.0",
      "capabilities": [],
      "driver": "Unknown",
      "status": "detected"
    },
    {
      "component_type": "pci",
      "name": "PCI bridge",
      "vendor": "Intel Corporation",
      "device_id": "Device 7f3c",
      "bus_info": "80:1c.0",
      "capabilities": [],
      "driver": "Unknown",
      "status": "detected"
    },
    {
      "component_type": "pci",
      "name": "PCI bridge",
      "vendor": "Intel Corporation",
      "device_id": "Device 7f3d",
      "bus_info": "80:1c.5",
      "capabilities": [],
      "driver": "Unknown",
      "status": "detected"
    },
    {
      "component_type": "pci",
      "name": "PCI bridge",
      "vendor": "Intel Corporation",
      "device_id": "Device 7f3e",
      "bus_info": "80:1c.6",
      "capabilities": [],
      "driver": "Unknown",
      "status": "detected"
    },
    {
      "component_type": "pci",
      "name": "Communication controller",
      "vendor": "Intel Corporation",
      "device_id": "Device 7f28",
      "bus_info": "80:1e.0",
      "capabilities": [],
      "driver": "Unknown",
      "status": "detected"
    },
    {
      "component_type": "pci",
      "name": "Serial bus controller",
      "vendor": "Intel Corporation",
      "device_id": "Device 7f2a",
      "bus_info": "80:1e.2",
      "capabilities": [],
      "driver": "Unknown",
      "status": "detected"
    },
    {
      "component_type": "pci",
      "name": "ISA bridge",
      "vendor": "Intel Corporation",
      "device_id": "Device 7f0c",
      "bus_info": "80:1f.0",
      "capabilities": [],
      "driver": "Unknown",
      "status": "detected"
    },
    {
      "component_type": "pci",
      "name": "Multimedia audio controller",
      "vendor": "Intel Corporation",
      "device_id": "Device 7f50",
      "bus_info": "80:1f.3",
      "capabilities": [],
      "driver": "Unknown",
      "status": "detected"
    },
    {
      "component_type": "pci",
      "name": "SMBus",
      "vendor": "Intel Corporation",
      "device_id": "Device 7f23",
      "bus_info": "80:1f.4",
      "capabilities": [],
      "driver": "Unknown",
      "status": "detected"
    },
    {
      "component_type": "pci",
      "name": "Serial bus controller",
      "vendor": "Intel Corporation",
      "device_id": "Device 7f24",
      "bus_info": "80:1f.5",
      "capabilities": [],
      "driver": "Unknown",
      "status": "detected"
    },
    {
      "component_type": "pci",
      "name": "Unassigned class [ff00]",
      "vendor": "Realtek Semiconductor Co., Ltd.",
      "device_id": "RTS525A PCI Express Card Reader",
      "bus_info": "81:00.0",
      "capabilities": [],
      "driver": "Unknown",
      "status": "detected"
    },
    {
      "component_type": "pci",
      "name": "Network controller",
      "vendor": "Intel Corporation",
      "device_id": "Wi-Fi 7(802.11be) AX1775*/AX1790*/BE20*/BE401/BE1750* 2x2",
      "bus_info": "83:00.0",
      "capabilities": [],
      "driver": "Unknown",
      "status": "detected"
    },
    {
      "component_type": "usb",
      "name": "Linux Foundation 2.0 root hub",
      "vendor": "USB Vendor 1d6b",
      "device_id": "1d6b:0002",
      "bus_info": "001-001:",
      "capabilities": [],
      "driver": "Unknown",
      "status": "detected"
    },
    {
      "component_type": "usb",
      "name": "Linux Foundation 3.0 root hub",
      "vendor": "USB Vendor 1d6b",
      "device_id": "1d6b:0003",
      "bus_info": "002-001:",
      "capabilities": [],
      "driver": "Unknown",
      "status": "detected"
    },
    {
      "component_type": "usb",
      "name": "Linux Foundation 2.0 root hub",
      "vendor": "USB Vendor 1d6b",
      "device_id": "1d6b:0002",
      "bus_info": "003-001:",
      "capabilities": [],
      "driver": "Unknown",
      "status": "detected"
    },
    {
      "component_type": "usb",
      "name": "Alienware Corporation AW-ELC",
      "vendor": "USB Vendor 187c",
      "device_id": "187c:0551",
      "bus_info": "003-002:",
      "capabilities": [],
      "driver": "Unknown",
      "status": "detected"
    },
    {
      "component_type": "usb",
      "name": "Realtek Semiconductor Corp. Integrated_Webcam_FHD",
      "vendor": "USB Vendor 0bda",
      "device_id": "0bda:5591",
      "bus_info": "003-003:",
      "capabilities": [],
      "driver": "Unknown",
      "status": "detected"
    },
    {
      "component_type": "usb",
      "name": "Darfon Electronics Corp. Keyboard",
      "vendor": "USB Vendor 0d62",
      "device_id": "0d62:6abc",
      "bus_info": "003-004:",
      "capabilities": [],
      "driver": "Unknown",
      "status": "detected"
    },
    {
      "component_type": "usb",
      "name": "Pixart Imaging, Inc. Optical Mouse",
      "vendor": "USB Vendor 093a",
      "device_id": "093a:2510",
      "bus_info": "003-005:",
      "capabilities": [],
      "driver": "Unknown",
      "status": "detected"
    },
    {
      "component_type": "usb",
      "name": "Intel Corp.",
      "vendor": "USB Vendor 8087",
      "device_id": "8087:0036",
      "bus_info": "003-006:",
      "capabilities": [],
      "driver": "Unknown",
      "status": "detected"
    },
    {
      "component_type": "usb",
      "name": "Jieli Technology USB Composite Device",
      "vendor": "USB Vendor 4c4a",
      "device_id": "4c4a:4155",
      "bus_info": "003-008:",
      "capabilities": [],
      "driver": "Unknown",
      "status": "detected"
    },
    {
      "component_type": "usb",
      "name": "Linux Foundation 3.0 root hub",
      "vendor": "USB Vendor 1d6b",
      "device_id": "1d6b:0003",
      "bus_info": "004-001:",
      "capabilities": [],
      "driver": "Unknown",
      "status": "detected"
    },
    {
      "component_type": "usb",
      "name": "ASIX Electronics Corp. AX88179 Gigabit Ethernet",
      "vendor": "USB Vendor 0b95",
      "device_id": "0b95:1790",
      "bus_info": "004-002:",
      "capabilities": [],
      "driver": "Unknown",
      "status": "detected"
    },
    {
      "component_type": "network",
      "name": "lo",
      "vendor": "Unknown",
      "device_id": "lo",
      "bus_info": "Unknown",
      "capabilities": [
        "networking"
      ],
      "driver": "Unknown",
      "status": "detected"
    },
    {
      "component_type": "network",
      "name": "enx6c6e07130e57",
      "vendor": "Unknown",
      "device_id": "enx6c6e07130e57",
      "bus_info": "Unknown",
      "capabilities": [
        "networking"
      ],
      "driver": "Unknown",
      "status": "detected"
    },
    {
      "component_type": "network",
      "name": "wlp131s0f0",
      "vendor": "Unknown",
      "device_id": "wlp131s0f0",
      "bus_info": "Unknown",
      "capabilities": [
        "networking"
      ],
      "driver": "Unknown",
      "status": "detected"
    },
    {
      "component_type": "network",
      "name": "docker0",
      "vendor": "Unknown",
      "device_id": "docker0",
      "bus_info": "Unknown",
      "capabilities": [
        "networking"
      ],
      "driver": "Unknown",
      "status": "detected"
    }
  ],
  "timestamp": "2025-12-13T12:48:38.902613"
}