timestamp	gen	fitness	gips	fps	passed	glyphs	opcodes
2026-03-14T06:34:16.586078	0	0.9700	4.0962	8929.2	True	7	206,206,206,200,201,208,212
2026-03-14T06:34:17.487796	0	0.9700	4.0757	8884.4	True	7	206,206,206,200,201,208,212
2026-03-14T06:34:18.413834	0	0.9700	4.1464	9038.5	True	7	206,206,206,200,201,208,212
2026-03-14T06:34:19.372874	0	1.0000	4.0956	8927.7	True	7	215,231,206,200,201,208,212
2026-03-14T06:34:20.315874	0	0.9900	3.6451	7945.8	True	7	206,234,206,200,202,208,212
2026-03-14T06:34:21.249494	1	1.0000	4.1536	9054.4	True	7	215,231,206,200,201,208,212
2026-03-14T06:34:22.152062	1	1.0000	4.0267	8777.7	True	7	0,231,227,200,2,8,212
2026-03-14T06:34:23.028577	1	1.0000	4.1323	9007.9	True	7	215,14,0,200,201,10,6
2026-03-14T06:34:23.972077	1	1.0000	4.0966	8930.0	True	7	215,231,206,200,201,208,212
2026-03-14T06:34:24.893626	1	1.0000	4.1252	8992.3	True	7	215,231,206,200,201,208,212
2026-03-14T06:34:25.794259	2	1.0000	4.1252	8992.4	True	7	215,231,206,200,201,208,212
2026-03-14T06:34:26.725444	2	1.0000	4.1310	9005.0	True	7	215,231,206,200,201,208,212
2026-03-14T06:34:27.656064	2	0.9900	4.1202	8981.4	True	7	215,202,206,221,201,202,225
2026-03-14T06:34:28.591012	2	1.0000	4.1454	9036.3	True	7	215,231,206,200,201,208,212
2026-03-14T06:34:29.524843	2	1.0000	4.0977	8932.4	True	7	215,231,206,200,201,208,212
2026-03-14T06:34:30.428350	3	1.0000	4.1322	9007.7	True	7	215,231,206,200,201,208,212
2026-03-14T06:34:31.331400	3	1.0000	4.1115	8962.6	True	7	215,231,206,200,201,208,212
2026-03-14T06:34:32.228536	3	1.0000	4.0268	8777.9	True	7	215,231,206,200,201,208,212
2026-03-14T06:34:33.143340	3	1.0000	3.9230	8551.5	True	7	215,231,206,200,201,208,212
2026-03-14T06:34:34.048943	3	1.0000	4.0372	8800.5	True	7	215,231,206,200,201,208,212
2026-03-14T06:34:34.976016	4	1.0000	3.8085	8302.0	True	7	215,231,206,200,201,208,212
2026-03-14T06:34:35.920697	4	1.0000	4.0275	8779.4	True	7	215,231,206,200,201,208,212
2026-03-14T06:34:36.881986	4	1.0000	3.8009	8285.5	True	7	202,231,206,200,201,10,11
2026-03-14T06:34:37.865807	4	1.0000	4.1394	9023.3	True	7	6,3,206,200,201,205,8
2026-03-14T06:34:38.797321	4	1.0000	4.0577	8845.2	True	7	215,230,206,200,221,208,212
2026-03-14T06:34:39.732550	5	1.0000	4.1097	8958.6	True	7	215,231,206,200,201,208,212
2026-03-14T06:34:40.726820	5	0.9900	3.8194	8325.9	True	7	215,231,227,9,1,215,212
2026-03-14T06:34:41.971778	5	1.0000	3.6884	8040.1	True	7	215,231,206,200,201,208,212
2026-03-14T06:34:43.359366	5	1.0000	2.9047	6331.8	True	7	8,231,224,200,1,12,232
2026-03-14T06:34:44.769208	5	1.0000	2.9221	6369.7	True	7	215,231,206,200,201,208,212
2026-03-14T06:34:46.360764	6	1.0000	2.7611	6018.7	True	7	215,231,206,200,201,208,212
2026-03-14T06:34:47.778598	6	1.0000	2.6626	5804.0	True	7	215,231,206,200,201,208,212
2026-03-14T06:34:49.127539	6	0.9900	3.8169	8320.4	True	7	223,220,212,216,201,208,212
2026-03-14T06:34:50.380875	6	1.0000	3.2492	7082.7	True	7	215,231,206,200,201,208,212
2026-03-14T06:34:51.335374	6	1.0000	4.0080	8736.9	True	7	215,231,206,200,201,208,212
2026-03-14T06:34:52.257143	7	1.0000	3.9043	8510.9	True	7	215,231,206,200,201,208,212
2026-03-14T06:34:53.141211	7	1.0000	4.0243	8772.4	True	7	215,231,206,200,201,208,212
2026-03-14T06:34:54.099243	7	1.0000	3.8574	8408.6	True	7	215,231,206,200,201,208,212
2026-03-14T06:34:55.042645	7	1.0000	3.8497	8391.8	True	7	216,231,223,200,201,4,212
2026-03-14T06:34:55.930893	7	1.0000	4.0728	8878.2	True	7	215,231,206,200,201,208,212
2026-03-14T06:34:56.895438	8	1.0000	4.0388	8804.0	True	7	215,231,206,200,201,208,212
2026-03-14T06:34:57.852534	8	1.0000	3.7801	8240.1	True	7	215,231,206,200,201,208,212
2026-03-14T06:34:58.840351	8	0.9900	3.6505	7957.5	True	7	215,231,0,200,217,208,0
2026-03-14T06:34:59.767890	8	1.0000	4.1189	8978.7	True	7	215,231,206,200,201,208,212
2026-03-14T06:35:00.738999	8	1.0000	4.1239	8989.5	True	7	215,231,206,200,201,208,212
2026-03-14T06:35:01.675693	9	1.0000	4.0510	8830.7	True	7	215,231,206,200,201,208,212
2026-03-14T06:35:02.606510	9	1.0000	3.7908	8263.5	True	7	215,231,206,200,201,208,212
2026-03-14T06:35:03.549737	9	1.0000	4.1145	8969.0	True	7	215,231,206,200,201,208,212
2026-03-14T06:35:04.474719	9	1.0000	4.1319	9006.9	True	7	215,231,206,200,201,208,212
2026-03-14T06:35:05.401534	9	1.0000	4.0843	8903.1	True	7	215,231,206,200,201,208,212
2026-03-14T07:19:57.074003	0	0.9700	4.1088	8956.7	True	7	206,206,206,200,201,208,212
2026-03-14T07:19:58.030040	0	0.9700	3.2076	6992.2	True	7	206,206,206,200,201,208,212
2026-03-14T07:19:58.963867	0	0.9700	3.5206	7674.4	True	7	206,206,206,200,201,208,212
2026-03-14T07:19:59.863640	0	0.9700	4.1048	8947.8	True	7	206,4,206,221,201,208,201
2026-03-14T07:20:00.754815	0	0.9700	3.8375	8365.2	True	7	206,206,206,200,201,208,212
2026-03-14T07:20:01.696803	0	0.9700	4.1566	9060.9	True	7	206,206,206,200,201,208,212
2026-03-14T07:20:02.571359	0	0.9700	3.5029	7635.9	True	7	206,206,206,200,201,208,212
2026-03-14T07:20:03.475056	0	0.9700	4.1171	8974.6	True	7	206,206,206,200,201,208,212
2026-03-14T07:20:04.375801	0	0.9700	3.8372	8364.5	True	7	206,206,206,200,201,208,212
2026-03-14T07:20:05.228786	0	0.9700	4.1266	8995.3	True	7	206,206,206,200,201,208,212
2026-03-14T07:20:06.153694	0	0.9700	3.5338	7703.2	True	7	206,206,206,200,201,208,212
2026-03-14T07:20:07.128614	0	0.9700	3.5055	7641.5	True	7	206,206,206,200,201,208,212
2026-03-14T07:20:08.100960	0	0.9700	3.5248	7683.6	True	7	206,206,206,200,201,208,212
2026-03-14T07:20:09.018954	0	0.9900	3.2891	7169.7	True	7	206,206,210,200,201,208,212
2026-03-14T07:20:09.941408	0	0.9700	3.8753	8447.5	True	7	206,206,206,200,201,208,212
2026-03-14T07:20:10.805969	0	0.9600	4.1156	8971.5	True	6	7,206,206,200,202,13
2026-03-14T07:20:11.721451	0	0.9700	3.9833	8683.1	True	7	206,206,206,200,201,208,212
2026-03-14T07:20:12.582489	0	0.9700	4.1286	8999.7	True	7	206,206,206,200,201,208,212
2026-03-14T07:20:13.707740	0	1.0000	2.2981	5009.6	True	8	206,207,206,200,201,3,2,12
2026-03-14T07:20:14.636177	0	1.0000	3.4915	7610.9	True	8	201,224,222,223,201,208,212,232
2026-03-14T07:20:15.582742	1	1.0000	4.1458	9037.2	True	8	206,207,206,200,201,3,2,12
2026-03-14T07:20:16.447060	1	1.0000	4.1482	9042.4	True	8	201,224,222,223,201,208,212,232
2026-03-14T07:20:17.380231	1	0.9900	4.0490	8826.3	True	7	206,206,210,200,201,208,212
2026-03-14T07:20:18.289194	1	0.9700	4.1631	9075.0	True	7	206,206,206,200,201,208,212
2026-03-14T07:20:19.240111	1	0.9700	4.1042	8946.6	True	7	206,206,206,200,201,208,212
2026-03-14T07:20:20.202367	1	0.9900	4.1346	9013.0	True	7	206,206,210,200,201,208,212
2026-03-14T07:20:21.155665	1	1.0000	3.4405	7499.8	True	7	12,207,210,200,201,217,212
2026-03-14T07:20:22.086248	1	0.9700	3.9758	8666.6	True	7	206,206,206,200,201,208,212
2026-03-14T07:20:23.019031	1	0.9700	3.4548	7531.0	True	7	206,206,206,200,201,208,212
2026-03-14T07:20:23.892875	1	1.0000	4.1498	9046.0	True	7	211,206,210,8,201,208,200
2026-03-14T07:20:24.763997	1	1.0000	4.1208	8982.9	True	8	201,224,222,223,201,208,212,232
2026-03-14T07:20:25.663965	1	1.0000	3.8984	8497.9	True	8	201,5,210,11,10,208,212,232
2026-03-14T07:20:26.599020	1	0.9900	3.5030	7636.1	True	7	206,206,210,200,4,222,212
2026-03-14T07:20:27.468424	1	1.0000	4.1280	8998.5	True	8	206,207,206,200,201,3,2,12
2026-03-14T07:20:28.370430	1	0.9800	3.9075	8517.9	True	6	217,206,209,201,208,212
2026-03-14T07:20:29.286432	1	1.0000	4.0429	8812.9	True	8	206,207,206,15,201,209,222,2
2026-03-14T07:20:30.212376	1	0.9700	4.1512	9049.1	True	7	206,206,206,200,2,208,212
2026-03-14T07:20:31.097028	1	0.9900	3.9434	8596.0	True	7	206,206,208,10,231,215,212
2026-03-14T07:20:32.027192	1	1.0000	3.5877	7820.6	True	8	206,207,206,200,201,3,2,12
2026-03-14T07:20:32.955176	1	0.9900	3.3438	7288.9	True	7	206,206,210,200,201,208,212
2026-03-14T07:20:33.883088	2	1.0000	3.5487	7735.7	True	8	206,207,206,200,201,3,2,12
2026-03-14T07:20:34.772079	2	1.0000	4.1195	8979.9	True	8	201,224,222,223,201,208,212,232
2026-03-14T07:20:35.694252	2	1.0000	3.9549	8621.2	True	7	12,207,210,200,201,217,212
2026-03-14T07:20:36.592207	2	1.0000	4.0960	8928.8	True	7	211,206,210,8,201,208,200
2026-03-14T07:20:37.518746	2	1.0000	2.9271	6380.7	True	8	201,224,222,223,201,208,212,232
2026-03-14T07:20:38.429624	2	1.0000	4.1521	9050.9	True	7	211,206,210,8,201,208,200
2026-03-14T07:20:39.362384	2	1.0000	3.4626	7548.0	True	8	201,224,222,223,201,208,212,232
2026-03-14T07:20:40.287173	2	1.0000	4.1320	9007.2	True	7	12,207,210,200,201,217,212
2026-03-14T07:20:41.137500	2	1.0000	4.1454	9036.3	True	8	201,224,222,223,201,208,212,232
2026-03-14T07:20:42.088477	2	1.0000	3.3625	7329.7	True	7	211,206,210,8,201,208,200
2026-03-14T07:20:42.951623	2	1.0000	4.1332	9009.8	True	7	211,206,210,8,201,208,200
2026-03-14T07:20:44.115609	2	1.0000	2.4138	5261.8	True	7	12,207,210,200,201,217,212
2026-03-14T07:20:45.032859	2	1.0000	3.2624	7111.6	True	8	201,224,222,223,201,208,212,232
2026-03-14T07:20:45.945405	2	1.0000	4.1208	8982.8	True	8	12,207,210,200,201,217,223,211
2026-03-14T07:20:46.852645	2	1.0000	4.1156	8971.4	True	8	206,207,206,200,201,3,2,12
2026-03-14T07:20:47.749800	2	1.0000	4.1377	9019.6	True	8	201,224,222,223,201,208,212,232
2026-03-14T07:20:48.605044	2	1.0000	4.0873	8909.8	True	7	12,207,210,200,201,217,212
2026-03-14T07:20:49.513237	2	1.0000	4.0299	8784.5	True	7	211,206,210,8,201,208,200
2026-03-14T07:20:50.528393	2	1.0000	3.9797	8675.2	True	8	201,224,222,231,216,208,212,200
2026-03-14T07:20:51.480587	2	1.0000	4.1147	8969.5	True	8	206,207,206,200,201,3,2,12
2026-03-14T07:20:52.388949	3	1.0000	4.0871	8909.3	True	8	206,207,206,200,201,3,2,12
2026-03-14T07:20:53.342853	3	1.0000	4.1123	8964.3	True	8	201,224,222,223,201,208,212,232
2026-03-14T07:20:54.214455	3	1.0000	4.0756	8884.1	True	7	12,207,210,200,201,217,212
2026-03-14T07:20:55.115682	3	1.0000	3.3682	7342.1	True	7	211,206,210,8,201,208,200
2026-03-14T07:20:55.996667	3	1.0000	3.8066	8297.9	True	8	201,224,222,223,201,208,212,232
2026-03-14T07:20:56.882675	3	0.9600	3.5622	7765.1	True	6	217,207,209,200,217,9
2026-03-14T07:20:57.747929	3	1.0000	4.1231	8987.8	True	8	234,224,222,223,201,209,223,232
2026-03-14T07:20:58.652943	3	1.0000	4.1087	8956.5	True	8	11,11,222,223,235,201,212,232
2026-03-14T07:20:59.518966	3	1.0000	4.1290	9000.6	True	8	201,224,222,223,201,208,212,232
2026-03-14T07:21:00.440490	3	1.0000	3.9583	8628.5	True	7	211,206,217,8,13,208,200
2026-03-14T07:21:01.316543	3	1.0000	3.9701	8654.3	True	8	206,207,206,15,224,233,2,233
2026-03-14T07:21:02.253759	3	1.0000	3.3966	7404.2	True	8	206,207,206,200,201,3,2,12
2026-03-14T07:21:03.136759	3	1.0000	4.1414	9027.7	True	7	211,206,210,8,201,208,200
2026-03-14T07:21:04.046049	3	1.0000	3.4589	7539.9	True	8	201,224,222,223,201,208,212,232
2026-03-14T07:21:04.969621	3	1.0000	4.1439	9033.2	True	7	204,206,210,8,14,208,200
2026-03-14T07:21:05.866019	3	1.0000	3.5212	7675.8	True	8	201,224,222,223,201,208,212,232
2026-03-14T07:21:06.793158	3	1.0000	4.1432	9031.7	True	7	211,206,215,8,201,208,200
2026-03-14T07:21:07.658184	3	1.0000	4.1385	9021.4	True	7	12,207,210,200,201,217,212
2026-03-14T07:21:08.698172	3	0.9900	3.9824	8681.1	True	7	9,206,234,8,234,208,200
2026-03-14T07:21:09.615310	3	1.0000	3.4271	7470.7	True	7	211,206,210,8,201,208,200
2026-03-14T07:21:10.490856	4	1.0000	4.0965	8929.7	True	8	206,207,206,200,201,3,2,12
2026-03-14T07:21:11.385096	4	1.0000	3.9123	8528.2	True	8	201,224,222,223,201,208,212,232
2026-03-14T07:21:12.331251	4	1.0000	4.0353	8796.4	True	7	12,207,210,200,201,217,212
2026-03-14T07:21:13.233435	4	1.0000	4.1207	8982.5	True	7	211,206,210,8,201,208,200
2026-03-14T07:21:14.510995	4	1.0000	3.0251	6594.3	True	8	201,224,222,223,201,208,212,232
2026-03-14T07:21:15.444843	4	1.0000	4.0089	8738.8	True	8	201,224,222,223,201,208,212,232
2026-03-14T07:21:16.367617	4	1.0000	4.1200	8980.9	True	7	12,207,210,200,201,217,212
2026-03-14T07:21:17.290641	4	1.0000	4.1230	8987.6	True	7	12,207,210,200,201,217,212
2026-03-14T07:21:18.244767	4	1.0000	4.1454	9036.4	True	8	206,207,206,200,201,3,2,12
2026-03-14T07:21:19.175977	4	1.0000	3.4728	7570.2	True	7	211,206,210,8,201,208,200
2026-03-14T07:21:20.137616	4	1.0000	3.4753	7575.6	True	8	201,224,222,223,201,208,212,232
2026-03-14T07:21:21.113551	4	1.0000	3.5428	7722.8	True	9	206,207,206,200,201,3,2,12,4
2026-03-14T07:21:22.064025	4	1.0000	3.3908	7391.4	True	7	12,207,210,200,201,217,212
2026-03-14T07:21:23.014898	4	1.0000	3.5457	7729.2	True	8	206,207,206,200,201,3,2,12
2026-03-14T07:21:23.894432	4	1.0000	4.1069	8952.5	True	8	206,207,206,200,201,3,2,12
2026-03-14T07:21:24.732278	4	1.0000	4.1497	9045.8	True	7	204,15,210,11,201,217,215
2026-03-14T07:21:25.597715	4	1.0000	3.8532	8399.4	True	8	206,207,206,200,201,3,2,12
2026-03-14T07:21:26.510129	4	1.0000	4.1418	9028.5	True	8	201,224,222,223,201,208,212,232
2026-03-14T07:21:27.399729	4	1.0000	4.0278	8780.1	True	7	211,206,210,8,201,208,200
2026-03-14T07:21:28.306088	4	1.0000	4.1313	9005.6	True	8	10,207,206,200,201,3,2,12
2026-03-14T07:21:29.187821	5	1.0000	4.1348	9013.3	True	8	206,207,206,200,201,3,2,12
2026-03-14T07:21:30.110909	5	1.0000	3.2020	6980.0	True	8	201,224,222,223,201,208,212,232
2026-03-14T07:21:31.101753	5	1.0000	4.1175	8975.5	True	7	12,207,210,200,201,217,212
2026-03-14T07:21:32.097236	5	1.0000	2.8004	6104.5	True	7	211,206,210,8,201,208,200
2026-03-14T07:21:33.034889	5	1.0000	4.1411	9027.0	True	8	201,224,222,223,201,208,212,232
2026-03-14T07:21:33.935809	5	1.0000	3.4916	7611.2	True	8	201,224,222,223,201,208,212,232
2026-03-14T07:21:34.825706	5	1.0000	4.1419	9028.8	True	7	12,207,210,200,201,217,212
2026-03-14T07:21:35.729667	5	1.0000	4.1317	9006.6	True	8	206,207,206,200,201,3,2,12
2026-03-14T07:21:36.627760	5	1.0000	4.1356	9015.1	True	7	211,206,210,8,201,208,200
2026-03-14T07:21:37.522702	5	1.0000	3.9264	8559.1	True	8	206,207,206,200,201,3,2,12
2026-03-14T07:21:38.449284	5	1.0000	3.0770	6707.4	True	8	201,224,222,223,201,208,212,232
2026-03-14T07:21:39.371312	5	1.0000	4.1270	8996.3	True	8	234,3,208,223,5,8,211,211
2026-03-14T07:21:40.261672	5	1.0000	3.5476	7733.4	True	8	209,6,201,200,8,3,203,200
2026-03-14T07:21:41.192146	5	1.0000	3.4706	7565.3	True	8	201,224,222,223,201,208,212,232
2026-03-14T07:21:42.089775	5	1.0000	3.5180	7668.8	True	8	206,207,206,200,201,3,2,12
2026-03-14T07:21:43.035528	5	1.0000	3.5677	7777.2	True	7	204,206,210,8,201,236,200
2026-03-14T07:21:43.901635	5	1.0000	4.1322	9007.6	True	8	201,224,222,223,201,208,212,207
2026-03-14T07:21:44.770448	5	1.0000	3.9604	8633.2	True	8	201,224,222,223,201,208,212,232
2026-03-14T07:21:45.719557	5	1.0000	3.5610	7762.5	True	7	12,207,210,200,201,217,212
2026-03-14T07:21:46.586030	5	1.0000	4.1281	8998.8	True	8	201,224,222,223,201,208,212,232
2026-03-14T07:21:47.476424	6	1.0000	4.1491	9044.4	True	8	206,207,206,200,201,3,2,12
2026-03-14T07:21:48.402028	6	1.0000	4.1490	9044.2	True	8	201,224,222,223,201,208,212,232
2026-03-14T07:21:49.272217	6	1.0000	4.1289	9000.5	True	7	12,207,210,200,201,217,212
2026-03-14T07:21:50.200339	6	1.0000	4.1424	9030.0	True	7	211,206,210,8,201,208,200
2026-03-14T07:21:51.085622	6	1.0000	3.7559	8187.3	True	8	201,224,222,223,201,208,212,232
2026-03-14T07:21:52.014939	6	1.0000	3.5389	7714.3	True	8	206,207,206,200,201,3,2,12
2026-03-14T07:21:52.929483	6	1.0000	4.0542	8837.6	True	7	12,207,210,200,201,217,212
2026-03-14T07:21:53.840586	6	1.0000	3.9813	8678.6	True	8	3,224,11,223,201,208,212,232
2026-03-14T07:21:54.751736	6	1.0000	3.9564	8624.3	True	7	12,207,210,200,201,217,212
2026-03-14T07:21:55.629853	6	1.0000	3.9299	8566.6	True	7	12,207,210,200,201,217,212
2026-03-14T07:21:56.539129	6	1.0000	4.1573	9062.3	True	7	220,207,210,236,201,227,212
2026-03-14T07:21:57.471261	6	1.0000	4.1343	9012.2	True	8	201,224,222,208,201,208,212,232
2026-03-14T07:21:58.417613	6	1.0000	4.1067	8952.1	True	7	12,207,210,200,201,217,212
2026-03-14T07:21:59.384002	6	1.0000	3.9383	8584.8	True	8	201,224,222,223,201,208,212,232
2026-03-14T07:22:00.270846	6	1.0000	4.1253	8992.7	True	7	12,207,210,200,201,217,212
2026-03-14T07:22:01.250232	6	1.0000	3.8277	8344.0	True	8	204,207,206,200,7,3,2,7
2026-03-14T07:22:02.298095	6	1.0000	3.4390	7496.4	True	8	201,224,222,223,201,208,212,232
2026-03-14T07:22:03.219604	6	1.0000	4.1014	8940.4	True	9	206,210,206,200,230,13,224,224,218
2026-03-14T07:22:04.108241	6	1.0000	3.5439	7725.1	True	7	205,220,11,8,201,232,200
2026-03-14T07:22:05.070317	6	1.0000	3.5271	7688.6	True	7	211,206,210,8,201,208,200
2026-03-14T07:22:06.002681	7	1.0000	3.5719	7786.3	True	8	206,207,206,200,201,3,2,12
2026-03-14T07:22:06.894288	7	1.0000	3.9234	8552.5	True	8	201,224,222,223,201,208,212,232
2026-03-14T07:22:07.862554	7	1.0000	4.1460	9037.6	True	7	12,207,210,200,201,217,212
2026-03-14T07:22:08.955352	7	1.0000	4.1623	9073.3	True	7	211,206,210,8,201,208,200
2026-03-14T07:22:09.898748	7	1.0000	3.5462	7730.3	True	8	201,224,222,223,201,208,212,232
2026-03-14T07:22:10.815668	7	1.0000	4.1267	8995.7	True	8	206,207,206,200,201,3,2,12
2026-03-14T07:22:11.672070	7	1.0000	4.1446	9034.5	True	8	201,224,222,223,201,208,212,232
2026-03-14T07:22:12.588427	7	1.0000	4.0878	8910.7	True	7	211,206,210,8,201,208,200
2026-03-14T07:22:13.510462	7	1.0000	4.1459	9037.4	True	7	12,207,210,200,201,217,212
2026-03-14T07:22:14.598221	7	1.0000	2.2102	4817.8	True	8	206,207,206,200,201,3,2,12
2026-03-14T07:22:15.532117	7	1.0000	3.4203	7455.9	True	8	206,207,206,200,201,3,2,12
2026-03-14T07:22:16.403369	7	1.0000	4.1417	9028.3	True	7	12,207,210,200,201,217,212
2026-03-14T07:22:17.328019	7	1.0000	4.1322	9007.5	True	8	206,218,233,14,4,3,2,217
2026-03-14T07:22:18.243257	7	1.0000	4.1237	8989.0	True	7	211,206,210,8,201,208,200
2026-03-14T07:22:19.178646	7	1.0000	3.5522	7743.4	True	8	206,207,206,200,201,3,2,12
2026-03-14T07:22:20.198572	7	1.0000	3.0912	6738.4	True	8	204,230,15,200,201,3,10,224
2026-03-14T07:22:21.122343	7	0.9700	3.8030	8290.0	True	7	206,210,210,222,201,206,200
2026-03-14T07:22:22.011729	7	1.0000	4.1347	9013.1	True	8	0,224,203,223,201,208,232,224
2026-03-14T07:22:22.915248	7	1.0000	4.1318	9006.6	True	8	206,207,206,200,201,3,2,12
2026-03-14T07:22:23.778953	7	1.0000	3.8697	8435.4	True	8	201,224,222,223,201,208,212,232
2026-03-14T07:22:24.643393	8	1.0000	4.1128	8965.4	True	8	206,207,206,200,201,3,2,12
2026-03-14T07:22:25.503820	8	1.0000	4.1370	9018.0	True	8	201,224,222,223,201,208,212,232
2026-03-14T07:22:26.493750	8	1.0000	3.8962	8493.3	True	7	12,207,210,200,201,217,212
2026-03-14T07:22:27.415930	8	1.0000	3.5079	7646.8	True	7	211,206,210,8,201,208,200
2026-03-14T07:22:28.342650	8	1.0000	4.0991	8935.5	True	8	201,224,222,223,201,208,212,232
2026-03-14T07:22:29.241558	8	1.0000	4.1190	8978.9	True	7	211,206,210,8,201,208,200
2026-03-14T07:22:30.194499	8	1.0000	3.4288	7474.4	True	8	201,12,222,223,201,208,14,4
2026-03-14T07:22:31.135909	8	1.0000	4.1450	9035.6	True	8	201,224,222,223,201,208,212,232
2026-03-14T07:22:32.167247	8	1.0000	3.5843	7813.2	True	8	201,224,222,223,201,208,212,232
2026-03-14T07:22:33.121305	8	1.0000	3.8678	8431.2	True	7	12,207,210,200,201,217,212
2026-03-14T07:22:34.031074	8	1.0000	3.5344	7704.4	True	8	206,207,206,200,201,3,2,215
2026-03-14T07:22:34.896513	8	1.0000	4.0775	8888.3	True	7	12,207,210,200,201,217,212
2026-03-14T07:22:35.777242	8	1.0000	3.4757	7576.5	True	8	206,207,206,200,204,225,216,6
2026-03-14T07:22:36.636355	8	1.0000	4.1343	9012.3	True	7	12,207,210,200,201,217,212
2026-03-14T07:22:37.574580	8	1.0000	3.9959	8710.5	True	7	211,206,210,8,201,208,200
2026-03-14T07:22:38.632359	8	1.0000	3.9953	8709.3	True	7	211,206,210,8,201,208,200
2026-03-14T07:22:39.574896	8	1.0000	3.4430	7505.2	True	8	201,224,222,223,201,208,212,232
2026-03-14T07:22:40.460757	8	1.0000	3.7903	8262.4	True	7	12,207,210,200,201,217,212
2026-03-14T07:22:41.426281	8	1.0000	3.7362	8144.5	True	8	201,1,218,207,201,208,212,5
2026-03-14T07:22:42.321214	8	1.0000	4.1299	9002.7	True	8	201,220,222,223,212,208,212,232
2026-03-14T07:22:43.208991	9	1.0000	4.1148	8969.6	True	8	206,207,206,200,201,3,2,12
2026-03-14T07:22:44.148019	9	1.0000	3.8389	8368.2	True	8	201,224,222,223,201,208,212,232
2026-03-14T07:22:45.011201	9	1.0000	4.0987	8934.7	True	7	12,207,210,200,201,217,212
2026-03-14T07:22:45.934978	9	1.0000	3.5028	7635.7	True	7	211,206,210,8,201,208,200
2026-03-14T07:22:46.824361	9	1.0000	3.4416	7502.3	True	8	201,224,222,223,201,208,212,232
2026-03-14T07:22:47.688970	9	1.0000	4.1173	8975.2	True	7	12,207,210,200,201,217,212
2026-03-14T07:22:48.554184	9	0.9900	3.9939	8706.2	True	7	12,230,210,8,8,236,13
2026-03-14T07:22:49.510930	9	1.0000	4.1167	8973.7	True	8	201,224,222,223,201,208,212,232
2026-03-14T07:22:50.526199	9	1.0000	3.8264	8341.1	True	7	211,206,210,8,201,208,200
2026-03-14T07:22:51.447364	9	1.0000	4.1258	8993.6	True	8	201,224,222,223,201,208,212,232
2026-03-14T07:22:52.422323	9	1.0000	3.4367	7491.5	True	8	206,207,206,200,201,3,2,12
2026-03-14T07:22:53.353775	9	1.0000	4.0243	8772.4	True	8	211,206,212,8,201,208,224,202
2026-03-14T07:22:54.269807	9	1.0000	4.1157	8971.8	True	8	201,224,222,223,201,208,212,232
2026-03-14T07:22:55.132152	9	0.9800	4.0461	8819.9	True	6	211,11,206,205,10,218
2026-03-14T07:22:56.043496	9	1.0000	3.4600	7542.4	True	8	206,207,206,200,201,3,2,12
2026-03-14T07:22:56.957562	9	1.0000	3.6100	7869.4	True	8	201,224,222,235,201,208,11,232
2026-03-14T07:22:57.903873	9	1.0000	3.5246	7683.0	True	7	12,207,210,200,201,217,212
2026-03-14T07:22:58.760422	9	1.0000	4.1331	9009.6	True	7	211,206,210,8,201,208,200
2026-03-14T07:22:59.666494	9	1.0000	4.1511	9048.8	True	8	201,224,222,223,201,208,212,232
2026-03-14T07:23:00.592855	9	1.0000	4.0655	8862.2	True	7	12,207,210,200,201,217,212
2026-03-14T07:23:01.513916	10	1.0000	4.0586	8847.1	True	8	206,207,206,200,201,3,2,12
2026-03-14T07:23:02.484274	10	1.0000	3.6906	8044.9	True	8	201,224,222,223,201,208,212,232
2026-03-14T07:23:03.399923	10	1.0000	4.0149	8751.9	True	7	12,207,210,200,201,217,212
2026-03-14T07:23:04.300056	10	1.0000	3.4940	7616.5	True	7	211,206,210,8,201,208,200
2026-03-14T07:23:05.232585	10	1.0000	3.9268	8559.8	True	8	201,224,222,223,201,208,212,232
2026-03-14T07:23:06.132208	10	1.0000	3.4549	7531.2	True	8	206,207,206,200,201,3,2,12
2026-03-14T07:23:07.046673	10	1.0000	3.4990	7627.3	True	8	201,224,222,223,201,208,212,232
2026-03-14T07:23:07.906955	10	1.0000	4.1291	9000.9	True	8	235,207,4,200,201,3,227,14
2026-03-14T07:23:09.027145	10	1.0000	2.5708	5604.0	True	8	206,207,202,231,201,3,2,12
2026-03-14T07:23:09.968099	10	1.0000	3.5284	7691.5	True	7	212,206,210,207,9,208,200
2026-03-14T07:23:10.861351	10	1.0000	3.5509	7740.4	True	8	206,207,206,200,201,3,2,12
2026-03-14T07:23:11.723942	10	1.0000	4.1287	9000.1	True	8	206,207,206,200,201,3,2,12
2026-03-14T07:23:12.603884	10	1.0000	3.9638	8640.6	True	8	201,224,222,223,201,208,212,232
2026-03-14T07:23:13.471294	10	1.0000	4.0962	8929.0	True	7	211,206,210,12,201,208,215
2026-03-14T07:23:14.380555	10	1.0000	4.0976	8932.3	True	8	206,207,206,200,201,3,2,12
2026-03-14T07:23:15.256830	10	1.0000	4.1315	9006.2	True	8	201,224,222,223,201,208,212,232
2026-03-14T07:23:16.167529	10	1.0000	3.3230	7243.6	True	7	12,207,210,200,201,217,212
2026-03-14T07:23:17.104938	10	1.0000	4.1225	8986.5	True	7	211,236,210,8,201,225,200
2026-03-14T07:23:18.046615	10	1.0000	3.5726	7787.8	True	7	12,207,210,200,201,217,212
2026-03-14T07:23:18.956044	10	1.0000	3.9975	8714.1	True	7	211,206,210,8,201,208,200
2026-03-14T07:23:19.880893	11	1.0000	4.0798	8893.3	True	8	206,207,206,200,201,3,2,12
2026-03-14T07:23:20.895224	11	1.0000	3.8302	8349.3	True	8	201,224,222,223,201,208,212,232
2026-03-14T07:23:21.849784	11	1.0000	3.5271	7688.7	True	7	12,207,210,200,201,217,212
2026-03-14T07:23:22.774194	11	1.0000	3.5487	7735.6	True	7	211,206,210,8,201,208,200
2026-03-14T07:23:23.660678	11	1.0000	4.1369	9018.0	True	8	201,224,222,223,201,208,212,232
2026-03-14T07:23:24.525135	11	1.0000	4.1475	9041.1	True	8	201,224,232,223,234,218,207,217
2026-03-14T07:23:25.400213	11	1.0000	4.0714	8875.0	True	9	201,224,15,3,201,208,212,230,205
2026-03-14T07:23:26.362845	11	1.0000	4.0815	8897.0	True	8	201,224,222,223,201,208,212,232
2026-03-14T07:23:27.393870	11	1.0000	4.1243	8990.3	True	7	12,207,210,200,201,217,212
2026-03-14T07:23:28.263639	11	1.0000	3.5586	7757.2	True	8	201,224,222,223,201,208,212,232
2026-03-14T07:23:29.178403	11	1.0000	3.9218	8549.0	True	8	206,223,206,200,234,3,2,12
2026-03-14T07:23:30.078814	11	1.0000	4.1203	8981.7	True	7	12,207,210,200,201,217,212
2026-03-14T07:23:30.995474	11	1.0000	4.0991	8935.4	True	8	201,224,222,223,201,208,212,232
2026-03-14T07:23:31.917960	11	1.0000	3.9549	8621.2	True	7	12,207,210,200,201,217,212
2026-03-14T07:23:32.808051	11	1.0000	4.1472	9040.2	True	8	201,224,222,223,201,208,212,232
2026-03-14T07:23:33.747054	11	1.0000	3.9771	8669.6	True	8	201,224,222,223,201,208,212,232
2026-03-14T07:23:34.640479	11	1.0000	3.4886	7604.7	True	7	12,207,210,200,201,217,212
2026-03-14T07:23:35.501169	11	1.0000	4.1451	9035.8	True	8	200,207,222,200,209,234,204,12
2026-03-14T07:23:36.445009	11	1.0000	4.0084	8737.8	True	8	201,224,222,223,201,208,212,232
2026-03-14T07:23:37.344322	11	1.0000	4.0067	8733.9	True	8	210,224,222,7,201,208,212,232
2026-03-14T07:23:38.265878	12	1.0000	3.8754	8447.8	True	8	206,207,206,200,201,3,2,12
2026-03-14T07:23:39.218885	12	1.0000	3.8734	8443.5	True	8	201,224,222,223,201,208,212,232
2026-03-14T07:23:40.137431	12	1.0000	4.1140	8967.9	True	7	12,207,210,200,201,217,212
2026-03-14T07:23:41.081933	12	1.0000	3.4233	7462.3	True	7	211,206,210,8,201,208,200
2026-03-14T07:23:41.995915	12	1.0000	4.1324	9008.1	True	8	201,224,222,223,201,208,212,232
2026-03-14T07:23:42.928549	12	1.0000	3.3217	7240.8	True	8	201,224,222,223,201,208,212,232
2026-03-14T07:23:43.848665	12	1.0000	3.8871	8473.3	True	8	201,224,222,223,201,208,212,232
2026-03-14T07:23:44.754127	12	1.0000	3.1215	6804.4	True	7	12,221,210,235,201,217,212
2026-03-14T07:23:45.704769	12	1.0000	3.7249	8119.7	True	7	211,206,210,8,201,208,200
2026-03-14T07:23:46.591031	12	1.0000	3.4205	7456.2	True	8	206,205,206,200,2,3,216,12
2026-03-14T07:23:47.531688	12	1.0000	3.4992	7627.7	True	8	201,224,222,223,201,208,212,232
2026-03-14T07:23:48.440652	12	1.0000	3.4462	7512.2	True	8	201,224,222,223,201,208,212,232
2026-03-14T07:23:49.344061	12	1.0000	3.4979	7625.0	True	8	201,224,222,223,201,208,212,232
2026-03-14T07:23:50.306432	12	1.0000	3.3976	7406.4	True	8	201,224,222,223,201,208,212,232
2026-03-14T07:23:51.292780	12	1.0000	3.5282	7691.1	True	8	201,224,222,223,201,9,212,232
2026-03-14T07:23:52.163546	12	1.0000	3.9033	8508.6	True	8	13,10,206,200,8,3,217,12
2026-03-14T07:23:53.072339	12	1.0000	3.5189	7670.7	True	8	201,224,222,223,201,208,212,232
2026-03-14T07:23:53.943109	12	1.0000	4.1208	8982.7	True	8	201,224,222,223,201,208,212,232
2026-03-14T07:23:54.885075	12	1.0000	3.8337	8356.8	True	8	206,207,234,200,202,3,201,12
2026-03-14T07:23:55.790688	12	1.0000	4.0508	8830.3	True	7	211,206,210,8,201,208,200
2026-03-14T07:23:56.764638	13	1.0000	3.7793	8238.3	True	8	206,207,206,200,201,3,2,12
2026-03-14T07:23:57.668185	13	1.0000	4.1321	9007.5	True	8	201,224,222,223,201,208,212,232
2026-03-14T07:23:58.620542	13	1.0000	3.5080	7646.9	True	7	12,207,210,200,201,217,212
2026-03-14T07:23:59.506089	13	1.0000	4.1252	8992.3	True	7	211,206,210,8,201,208,200
2026-03-14T07:24:00.385862	13	1.0000	3.8930	8486.1	True	8	201,224,222,223,201,208,212,232
2026-03-14T07:24:01.277427	13	1.0000	4.1053	8949.1	True	8	201,224,222,223,201,208,212,232
2026-03-14T07:24:02.204107	13	1.0000	3.8752	8447.3	True	8	206,207,206,200,201,3,2,12
2026-03-14T07:24:03.147213	13	1.0000	3.1065	6771.7	True	7	211,206,215,8,10,223,234
2026-03-14T07:24:04.046701	13	1.0000	4.1472	9040.2	True	7	211,206,210,8,201,208,200
2026-03-14T07:24:04.946301	13	1.0000	3.4150	7444.3	True	7	12,207,210,200,201,217,212
2026-03-14T07:24:05.822321	13	0.9800	3.9169	8538.2	True	6	211,206,200,2,208,9
2026-03-14T07:24:06.691005	13	1.0000	4.0127	8747.1	True	7	12,207,210,200,201,217,212
2026-03-14T07:24:07.606850	13	1.0000	4.0441	8815.5	True	7	12,207,210,200,201,217,212
2026-03-14T07:24:08.498049	13	1.0000	4.0272	8778.7	True	8	206,207,206,200,201,3,2,12
2026-03-14T07:24:09.449504	13	1.0000	4.1167	8973.8	True	7	12,207,210,200,201,217,212
2026-03-14T07:24:10.403057	13	1.0000	3.2991	7191.6	True	8	201,224,222,223,201,208,212,232
2026-03-14T07:24:11.373621	13	1.0000	3.5026	7635.1	True	8	201,224,222,223,235,208,212,232
2026-03-14T07:24:12.260571	13	1.0000	4.1252	8992.5	True	8	201,224,222,223,201,208,212,232
2026-03-14T07:24:13.214803	13	1.0000	3.4366	7491.2	True	8	203,224,222,223,1,200,222,232
2026-03-14T07:24:14.152764	13	1.0000	3.4115	7436.6	True	8	201,224,222,223,201,208,212,232
2026-03-14T07:24:15.127065	14	1.0000	3.3596	7323.4	True	8	206,207,206,200,201,3,2,12
2026-03-14T07:24:16.107714	14	1.0000	3.3782	7364.1	True	8	201,224,222,223,201,208,212,232
2026-03-14T07:24:17.047083	14	1.0000	4.0092	8739.4	True	7	12,207,210,200,201,217,212
2026-03-14T07:24:17.976255	14	1.0000	3.5265	7687.3	True	7	211,206,210,8,201,208,200
2026-03-14T07:24:18.971063	14	1.0000	4.0985	8934.2	True	8	201,224,222,223,201,208,212,232
2026-03-14T07:24:19.878415	14	1.0000	4.1098	8958.8	True	8	206,14,206,12,201,3,2,12
2026-03-14T07:24:20.815873	14	1.0000	3.9903	8698.3	True	8	201,224,222,223,201,208,212,232
2026-03-14T07:24:21.745268	14	1.0000	3.4808	7587.7	True	8	206,207,206,200,201,3,2,12
2026-03-14T07:24:22.605676	14	1.0000	4.1358	9015.5	True	8	201,224,222,223,231,208,212,232
2026-03-14T07:24:23.540309	14	1.0000	4.1079	8954.7	True	8	206,207,206,200,201,3,2,12
2026-03-14T07:24:24.460110	14	1.0000	4.0549	8839.0	True	8	201,224,222,223,201,208,212,232
2026-03-14T07:24:25.375627	14	1.0000	3.9840	8684.7	True	8	12,207,235,231,201,217,221,220
2026-03-14T07:24:26.320352	14	1.0000	4.0899	8915.3	True	8	203,224,222,218,201,236,212,8
2026-03-14T07:24:27.196909	14	1.0000	4.1505	9047.6	True	7	9,206,210,8,5,208,200
2026-03-14T07:24:28.088192	14	1.0000	3.4930	7614.3	True	7	211,234,210,8,206,208,225
2026-03-14T07:24:28.967463	14	1.0000	3.8694	8434.7	True	8	206,207,206,200,201,3,2,12
2026-03-14T07:24:29.872565	14	0.9900	4.1030	8944.1	True	7	205,210,210,8,223,220,200
2026-03-14T07:24:30.738500	14	1.0000	3.9835	8683.5	True	8	206,234,206,224,201,204,2,12
2026-03-14T07:24:31.607317	14	1.0000	4.0300	8784.9	True	7	12,207,210,200,201,217,212
2026-03-14T07:24:32.566556	14	1.0000	3.8816	8461.2	True	7	211,206,210,8,201,208,200
2026-03-14T07:24:33.524184	15	1.0000	4.1307	9004.2	True	8	206,207,206,200,201,3,2,12
2026-03-14T07:24:34.453455	15	1.0000	4.0986	8934.4	True	8	201,224,222,223,201,208,212,232
2026-03-14T07:24:35.340469	15	1.0000	3.9696	8653.1	True	7	12,207,210,200,201,217,212
2026-03-14T07:24:36.220864	15	1.0000	4.0951	8926.7	True	7	211,206,210,8,201,208,200
2026-03-14T07:24:37.170228	15	1.0000	3.4317	7480.6	True	8	201,224,222,223,201,208,212,232
2026-03-14T07:24:38.094249	15	1.0000	4.1290	9000.7	True	7	12,207,210,200,201,217,212
2026-03-14T07:24:39.220949	15	1.0000	2.1270	4636.5	True	8	206,207,206,200,201,3,2,12
2026-03-14T07:24:40.173800	15	1.0000	3.4890	7605.4	True	8	206,209,206,200,201,3,6,12
2026-03-14T07:24:41.080029	15	1.0000	3.5136	7659.2	True	8	206,222,208,200,201,3,2,222
2026-03-14T07:24:41.943984	15	1.0000	4.0524	8833.6	True	8	201,224,222,223,201,208,212,232
2026-03-14T07:24:42.839599	15	1.0000	4.1444	9034.3	True	8	201,224,222,223,201,208,212,232
2026-03-14T07:24:43.749750	15	1.0000	4.1498	9046.0	True	7	12,207,210,200,201,217,212
2026-03-14T07:24:44.621796	15	1.0000	3.8638	8422.6	True	8	201,224,222,223,201,208,212,232
2026-03-14T07:24:45.578608	15	1.0000	3.9692	8652.4	True	8	206,207,206,200,201,7,2,210
2026-03-14T07:24:46.473491	15	1.0000	4.1052	8948.8	True	8	201,224,222,223,201,208,212,232
2026-03-14T07:24:47.353241	15	1.0000	4.1205	8982.1	True	8	15,4,222,9,223,8,224,230
2026-03-14T07:24:48.244916	15	1.0000	4.1380	9020.3	True	7	211,206,210,8,201,208,200
2026-03-14T07:24:49.140342	15	1.0000	3.5185	7669.8	True	8	201,3,222,223,222,208,212,232
2026-03-14T07:24:50.062351	15	1.0000	4.1405	9025.7	True	8	206,207,206,200,201,3,2,12
2026-03-14T07:24:51.055663	15	1.0000	3.4811	7588.4	True	8	201,224,222,223,201,208,212,232
2026-03-14T07:24:52.002446	16	1.0000	4.1187	8978.2	True	8	206,207,206,200,201,3,2,12
2026-03-14T07:24:52.894470	16	1.0000	4.0123	8746.2	True	8	201,224,222,223,201,208,212,232
2026-03-14T07:24:53.754637	16	1.0000	4.1068	8952.2	True	7	12,207,210,200,201,217,212
2026-03-14T07:24:54.654276	16	1.0000	4.1257	8993.4	True	7	211,206,210,8,201,208,200
2026-03-14T07:24:55.526880	16	1.0000	4.1701	9090.3	True	8	201,224,222,223,201,208,212,232
2026-03-14T07:24:56.468785	16	1.0000	4.0118	8745.1	True	8	2,207,13,200,201,12,234,208
2026-03-14T07:24:57.370651	16	1.0000	4.0804	8894.7	True	8	201,224,222,223,201,208,212,232
2026-03-14T07:24:58.338032	16	0.9600	4.1442	9033.8	True	6	207,207,200,201,4,212
2026-03-14T07:24:59.242935	16	1.0000	4.0222	8767.9	True	7	211,206,210,8,201,208,200
2026-03-14T07:25:00.139059	16	1.0000	3.4656	7554.5	True	8	201,224,222,0,210,208,0,205
2026-03-14T07:25:01.079963	16	1.0000	4.1493	9044.8	True	8	201,224,222,223,201,208,212,232
2026-03-14T07:25:01.958644	16	1.0000	3.5240	7681.8	True	8	15,236,222,223,15,220,212,205
2026-03-14T07:25:02.841472	16	1.0000	3.6282	7908.9	True	7	211,206,210,8,201,208,200
2026-03-14T07:25:03.875186	16	1.0000	3.4659	7555.3	True	8	206,207,206,200,201,3,2,12
2026-03-14T07:25:04.793393	16	1.0000	3.5390	7714.6	True	8	201,224,222,223,201,208,212,232
2026-03-14T07:25:05.707383	16	1.0000	4.1141	8968.1	True	8	201,224,222,223,201,208,212,232
2026-03-14T07:25:06.619719	16	1.0000	4.1337	9011.0	True	8	206,207,206,200,201,3,2,12
2026-03-14T07:25:07.485722	16	1.0000	4.1383	9021.0	True	8	206,207,206,200,201,3,2,12
2026-03-14T07:25:08.396898	16	1.0000	3.9729	8660.4	True	8	12,207,206,200,201,212,2,12
2026-03-14T07:25:09.328192	16	1.0000	4.1505	9047.6	True	9	206,207,218,200,12,3,201,14,225
2026-03-14T07:25:10.197652	17	1.0000	4.1546	9056.5	True	8	206,207,206,200,201,3,2,12
2026-03-14T07:25:11.138691	17	1.0000	3.5102	7651.8	True	8	201,224,222,223,201,208,212,232
2026-03-14T07:25:12.036755	17	1.0000	4.1200	8981.1	True	7	12,207,210,200,201,217,212
2026-03-14T07:25:12.938780	17	1.0000	3.3899	7389.5	True	7	211,206,210,8,201,208,200
2026-03-14T07:25:13.806955	17	1.0000	4.1033	8944.7	True	8	201,224,222,223,201,208,212,232
2026-03-14T07:25:14.761996	17	1.0000	3.3913	7392.6	True	8	201,224,222,223,201,208,212,232
2026-03-14T07:25:15.687066	17	1.0000	4.1395	9023.4	True	8	206,207,206,200,201,3,2,12
2026-03-14T07:25:16.634582	17	1.0000	3.4291	7475.0	True	7	211,206,210,8,201,208,200
2026-03-14T07:25:17.553629	17	1.0000	4.1182	8977.2	True	8	201,224,222,223,201,208,212,232
2026-03-14T07:25:18.484568	17	1.0000	3.8866	8472.3	True	8	201,224,222,223,201,208,212,232
2026-03-14T07:25:19.437503	17	1.0000	4.0961	8929.0	True	7	12,207,216,200,235,217,212
2026-03-14T07:25:20.386157	17	1.0000	3.8784	8454.3	True	7	12,207,210,200,201,217,212
2026-03-14T07:25:21.338284	17	1.0000	3.9952	8708.9	True	8	206,207,206,200,201,3,2,12
2026-03-14T07:25:22.221510	17	1.0000	3.8865	8472.0	True	7	211,206,210,8,201,208,200
2026-03-14T07:25:23.163335	17	1.0000	3.4922	7612.5	True	8	201,224,222,223,201,208,212,232
2026-03-14T07:25:24.030370	17	1.0000	4.1363	9016.6	True	8	201,224,222,2,236,208,212,232
2026-03-14T07:25:24.949505	17	1.0000	3.2002	6976.1	True	7	12,207,210,200,201,217,212
2026-03-14T07:25:25.848468	17	1.0000	4.1297	9002.2	True	7	211,206,210,8,201,208,200
2026-03-14T07:25:26.851450	17	1.0000	3.3608	7326.0	True	7	12,207,210,200,201,217,212
2026-03-14T07:25:27.800280	17	1.0000	3.9879	8693.0	True	7	211,206,210,8,201,208,200
2026-03-14T07:25:28.732695	18	1.0000	3.5542	7747.6	True	8	206,207,206,200,201,3,2,12
2026-03-14T07:25:29.640364	18	1.0000	4.1346	9013.0	True	8	201,224,222,223,201,208,212,232
2026-03-14T07:25:30.536143	18	1.0000	3.6248	7901.6	True	7	12,207,210,200,201,217,212
2026-03-14T07:25:31.545578	18	1.0000	3.8894	8478.3	True	7	211,206,210,8,201,208,200
2026-03-14T07:25:32.514148	18	1.0000	3.4384	7495.1	True	8	201,224,222,223,201,208,212,232
2026-03-14T07:25:33.475112	18	1.0000	3.7860	8253.0	True	8	206,207,206,200,201,3,2,12
2026-03-14T07:25:34.420191	18	1.0000	4.0298	8784.3	True	8	201,224,222,223,201,208,212,232
2026-03-14T07:25:35.365680	18	1.0000	4.0439	8815.2	True	8	201,224,222,223,201,208,212,232
2026-03-14T07:25:36.277063	18	1.0000	4.0837	8901.9	True	7	12,207,210,200,201,217,212
2026-03-14T07:25:37.151070	18	1.0000	4.0917	8919.2	True	8	201,224,222,223,201,208,212,232
2026-03-14T07:25:38.110522	18	1.0000	3.4258	7467.7	True	8	206,207,206,200,201,3,2,12
2026-03-14T07:25:39.022792	18	1.0000	3.1602	6888.8	True	7	6,211,205,217,208,212,232
2026-03-14T07:25:39.973213	18	1.0000	3.5063	7643.3	True	7	12,207,210,200,201,217,212
2026-03-14T07:25:40.856237	18	0.9600	4.1282	8998.9	True	6	210,206,210,8,208,200
2026-03-14T07:25:41.743564	18	1.0000	4.1104	8960.1	True	7	12,207,210,200,201,217,212
2026-03-14T07:25:42.614957	18	1.0000	4.1406	9025.9	True	8	206,207,206,200,201,3,2,12
2026-03-14T07:25:43.478296	18	1.0000	4.1402	9025.1	True	7	205,206,210,8,201,208,200
2026-03-14T07:25:44.428877	18	1.0000	3.8851	8469.0	True	8	201,224,222,223,201,208,212,232
2026-03-14T07:25:45.336564	18	1.0000	3.4789	7583.6	True	7	12,207,210,200,201,217,212
2026-03-14T07:25:46.278986	18	1.0000	3.9239	8553.6	True	8	201,224,222,223,201,208,212,232
2026-03-14T07:25:47.189751	19	1.0000	4.1508	9048.2	True	8	206,207,206,200,201,3,2,12
2026-03-14T07:25:48.126576	19	1.0000	3.4961	7621.1	True	8	201,224,222,223,201,208,212,232
2026-03-14T07:25:49.083977	19	1.0000	4.1448	9035.0	True	7	12,207,210,200,201,217,212
2026-03-14T07:25:49.981816	19	1.0000	3.5319	7699.0	True	7	211,206,210,8,201,208,200
2026-03-14T07:25:50.894803	19	1.0000	3.8806	8459.2	True	8	201,224,222,223,201,208,212,232
2026-03-14T07:25:51.837759	19	1.0000	4.0424	8812.0	True	8	201,224,222,223,201,208,212,232
2026-03-14T07:25:52.721214	19	1.0000	3.4664	7556.3	True	8	206,207,206,200,201,3,2,12
2026-03-14T07:25:53.638830	19	1.0000	3.9822	8680.6	True	8	201,224,222,223,201,208,212,232
2026-03-14T07:25:54.553375	19	1.0000	4.0760	8885.0	True	8	201,224,222,223,201,208,212,232
2026-03-14T07:25:55.449844	19	1.0000	4.1564	9060.4	True	8	201,224,222,223,201,208,212,232
2026-03-14T07:25:56.333926	19	1.0000	4.1457	9037.1	True	8	201,224,224,223,201,208,6,232
2026-03-14T07:25:57.375934	19	1.0000	2.7133	5914.7	True	8	201,224,222,223,208,208,212,4
2026-03-14T07:25:58.349790	19	1.0000	4.1252	8992.5	True	8	201,224,222,223,201,208,212,232
2026-03-14T07:25:59.251377	19	1.0000	4.1377	9019.7	True	7	12,207,210,200,201,217,212
2026-03-14T07:26:00.173040	19	1.0000	3.2941	7180.7	True	7	12,207,210,200,201,217,212
2026-03-14T07:26:01.026442	19	1.0000	4.0962	8929.2	True	7	12,207,210,200,201,217,212
2026-03-14T07:26:01.911452	19	1.0000	3.5225	7678.6	True	7	211,206,210,8,201,208,200
2026-03-14T07:26:02.794603	19	1.0000	3.9068	8516.3	True	8	6,224,222,223,0,208,212,232
2026-03-14T07:26:03.798079	19	1.0000	4.1523	9051.4	True	8	201,224,222,223,201,208,212,232
2026-03-14T07:26:04.714035	19	1.0000	3.5448	7727.2	True	7	12,207,210,200,201,217,212
2026-03-14T07:26:05.662212	20	1.0000	4.1338	9011.1	True	8	206,207,206,200,201,3,2,12
2026-03-14T07:26:06.532967	20	1.0000	4.1296	9002.0	True	8	201,224,222,223,201,208,212,232
2026-03-14T07:26:07.478119	20	1.0000	4.1165	8973.3	True	7	12,207,210,200,201,217,212
2026-03-14T07:26:08.386247	20	1.0000	4.1320	9007.1	True	7	211,206,210,8,201,208,200
2026-03-14T07:26:09.374296	20	1.0000	3.9461	8601.9	True	8	201,224,222,223,201,208,212,232
2026-03-14T07:26:10.329687	20	1.0000	3.4886	7604.8	True	7	8,207,206,200,201,13,212
2026-03-14T07:26:11.224995	20	1.0000	3.3814	7371.0	True	8	206,207,206,200,201,3,2,12
2026-03-14T07:26:12.136400	20	1.0000	3.4978	7624.8	True	8	201,224,222,223,201,208,212,232
2026-03-14T07:26:13.042063	20	1.0000	3.5428	7722.9	True	8	201,224,222,227,1,231,212,232
2026-03-14T07:26:13.952844	20	1.0000	4.1056	8949.6	True	8	206,207,206,200,201,3,2,12
2026-03-14T07:26:14.999611	20	1.0000	4.1238	8989.4	True	7	216,9,210,203,233,208,200
2026-03-14T07:26:16.004637	20	1.0000	3.9115	8526.4	True	8	201,224,222,223,201,208,212,232
2026-03-14T07:26:16.966130	20	1.0000	3.3400	7280.7	True	7	12,207,210,200,201,217,212
2026-03-14T07:26:17.891944	20	1.0000	4.1094	8957.9	True	8	206,207,206,200,201,3,2,12
2026-03-14T07:26:18.751748	20	1.0000	4.1199	8980.7	True	7	201,224,203,231,10,232,206
2026-03-14T07:26:19.656676	20	1.0000	3.9189	8542.6	True	8	201,224,222,223,201,208,212,232
2026-03-14T07:26:20.537043	20	1.0000	4.1266	8995.3	True	7	211,206,210,8,201,208,200
2026-03-14T07:26:21.513188	20	1.0000	3.8301	8349.1	True	8	201,224,222,223,201,208,212,232
2026-03-14T07:26:22.469515	20	1.0000	3.9025	8506.9	True	8	231,208,3,223,201,222,212,232
2026-03-14T07:26:23.397996	20	1.0000	4.0675	8866.5	True	8	201,224,222,223,201,208,212,232
2026-03-14T07:26:24.337900	21	1.0000	4.0432	8813.7	True	8	206,207,206,200,201,3,2,12
2026-03-14T07:26:25.301688	21	1.0000	4.0990	8935.2	True	8	201,224,222,223,201,208,212,232
2026-03-14T07:26:26.171667	21	1.0000	4.1238	8989.4	True	7	12,207,210,200,201,217,212
2026-03-14T07:26:27.141775	21	1.0000	3.4853	7597.6	True	7	211,206,210,8,201,208,200
2026-03-14T07:26:28.126475	21	1.0000	3.5242	7682.2	True	8	201,224,222,223,201,208,212,232
2026-03-14T07:26:29.091734	21	1.0000	3.5404	7717.6	True	8	206,207,206,200,201,3,2,12
2026-03-14T07:26:30.108071	21	1.0000	3.5155	7663.3	True	8	201,13,222,227,201,15,212,13
2026-03-14T07:26:31.090051	21	0.9800	3.5287	7692.1	True	6	206,210,5,230,6,200
2026-03-14T07:26:31.978473	21	0.9900	4.1008	8939.3	True	7	223,207,210,200,201,212,212
2026-03-14T07:26:32.857711	21	1.0000	3.9235	8552.6	True	8	206,207,206,200,201,3,2,12
2026-03-14T07:26:33.797089	21	1.0000	3.8493	8391.0	True	7	209,206,210,8,201,208,200
2026-03-14T07:26:34.721212	21	1.0000	3.2458	7075.4	True	8	201,2,0,223,201,208,212,232
2026-03-14T07:26:35.648841	21	1.0000	3.5600	7760.3	True	8	206,207,206,200,201,3,2,12
2026-03-14T07:26:36.581600	21	1.0000	4.0887	8912.7	True	7	211,206,210,8,201,208,200
2026-03-14T07:26:37.456154	21	1.0000	4.1148	8969.7	True	7	211,206,210,8,201,208,200
2026-03-14T07:26:38.334809	21	1.0000	4.0988	8934.8	True	8	201,224,222,223,201,208,212,232
2026-03-14T07:26:39.338254	21	1.0000	4.0550	8839.4	True	7	211,206,210,8,201,208,200
2026-03-14T07:26:40.272113	21	1.0000	4.0830	8900.3	True	7	211,206,210,8,201,208,200
2026-03-14T07:26:41.242318	21	1.0000	3.4866	7600.3	True	8	13,224,222,223,201,208,212,232
2026-03-14T07:26:42.191138	21	1.0000	4.1100	8959.1	True	7	211,206,210,8,201,208,200
2026-03-14T07:26:43.150319	22	1.0000	3.4755	7576.2	True	8	206,207,206,200,201,3,2,12
2026-03-14T07:26:44.119467	22	1.0000	3.4549	7531.1	True	8	201,224,222,223,201,208,212,232
2026-03-14T07:26:45.094342	22	1.0000	3.2146	7007.5	True	7	12,207,210,200,201,217,212
2026-03-14T07:26:46.130585	22	1.0000	3.3351	7270.0	True	7	211,206,210,8,201,208,200
2026-03-14T07:26:47.086736	22	1.0000	3.4914	7610.7	True	8	201,224,222,223,201,208,212,232
2026-03-14T07:26:47.987091	22	1.0000	4.0430	8813.2	True	7	12,207,210,206,201,211,212
2026-03-14T07:26:48.859925	22	1.0000	4.1255	8993.0	True	8	201,224,222,223,201,208,212,232
2026-03-14T07:26:49.771875	22	1.0000	4.1403	9025.2	True	7	211,206,203,9,201,218,200
2026-03-14T07:26:50.660492	22	1.0000	4.1472	9040.4	True	8	201,224,222,223,201,208,212,232
2026-03-14T07:26:51.849468	22	1.0000	3.5775	7798.4	True	8	201,224,222,223,201,208,212,232
2026-03-14T07:26:52.757834	22	1.0000	3.5050	7640.5	True	7	12,207,210,200,201,217,212
2026-03-14T07:26:53.673649	22	0.9800	3.5143	7660.7	True	6	12,207,210,200,201,212
2026-03-14T07:26:54.570414	22	1.0000	4.0915	8919.0	True	8	201,224,222,223,201,208,212,232
2026-03-14T07:26:55.537166	22	1.0000	4.0792	8892.0	True	8	201,224,222,223,201,208,212,232
2026-03-14T07:26:56.421389	22	0.9900	3.9959	8710.5	True	7	225,206,218,218,3,2,12
2026-03-14T07:26:57.437216	22	1.0000	2.8955	6311.9	True	8	201,224,222,223,201,208,212,232
2026-03-14T07:26:58.361716	22	1.0000	4.1018	8941.3	True	7	12,206,210,200,201,217,212
2026-03-14T07:26:59.316434	22	1.0000	3.2599	7106.2	True	7	211,206,210,8,201,208,200
2026-03-14T07:27:00.254853	22	1.0000	4.0762	8885.5	True	7	211,206,210,8,201,208,200
2026-03-14T07:27:01.162633	22	1.0000	3.5310	7697.1	True	7	211,206,210,8,201,208,200
2026-03-14T07:27:02.121361	23	1.0000	3.5391	7714.7	True	8	206,207,206,200,201,3,2,12
2026-03-14T07:27:03.081581	23	1.0000	3.3667	7339.0	True	8	201,224,222,223,201,208,212,232
2026-03-14T07:27:04.228229	23	1.0000	3.6859	8034.7	True	7	12,207,210,200,201,217,212
2026-03-14T07:27:05.182196	23	1.0000	4.0264	8777.0	True	7	211,206,210,8,201,208,200
2026-03-14T07:27:06.117550	23	1.0000	4.1276	8997.6	True	8	201,224,222,223,201,208,212,232
